sample_id,file_name,binary,hard_negative,severity_name,onset_s,prob_50s,prob_75s,prob_100s,prob_150s,prob_250s,prob_400s,y_pred,alarm_time_s,delay_s,seed,split,model
target100__大电池短路数据__0.01Ω_1,0.01Ω 1.xlsx,1,0,ESC-0.01ohm,10.0,0.6548590313035916,0.6776965751256709,0.8262608423903615,0.7569895508292628,0.6350846124856953,0.5617869561534721,1,50.0,40.0,0,test,WaveletPrefixET_haar_combined_et20_10seed
target100__大电池短路数据__0.01Ω_1_difficult,0.01Ω 1 difficult.xlsx,1,0,ESC-0.01ohm,10.0,0.9855531227882519,0.7311050872083247,0.7034990851817605,0.95,0.9034990851817606,0.6962760230847118,1,50.0,40.0,0,test,WaveletPrefixET_haar_combined_et20_10seed
target100__大电池短路数据__0.01Ω_4,0.01Ω 4.xlsx,1,0,ESC-0.01ohm,10.0,0.4904181832439619,0.29876337635510236,0.1665164637494639,0.8146747602967445,0.6605085575431944,0.7583963025505772,1,150.0,140.0,0,test,WaveletPrefixET_haar_combined_et20_10seed
target100__大电池短路数据__0.1ohm_cc_5,0.1ohm cc 5.xlsx,1,0,ESC-0.1ohm,10.0,0.9888187489012786,1.0,0.9744150930113866,0.9557821461037765,0.9850436272185907,0.9514519693862423,1,50.0,40.0,0,test,WaveletPrefixET_haar_combined_et20_10seed
target100__大电池短路数据__0.1ohm_cc_7,0.1ohm cc 7.xlsx,1,0,ESC-0.1ohm,10.0,0.9888187489012786,1.0,0.9744150930113866,0.997207853763421,1.0,0.997740259064055,1,50.0,40.0,0,test,WaveletPrefixET_haar_combined_et20_10seed
target100__大电池短路数据__0.1Ω_1_cc,0.1Ω 1 cc.xlsx,1,0,ESC-0.1ohm,10.0,0.9888187489012786,1.0,1.0,0.9415889977900793,1.0,1.0,1,50.0,40.0,0,test,WaveletPrefixET_haar_combined_et20_10seed
target100__大电池短路数据__0.1Ω_3_cc,0.1Ω 3 cc.xlsx,1,0,ESC-0.1ohm,10.0,0.9888187489012786,1.0,1.0,0.997207853763421,0.9826695739537646,0.9917278434854401,1,50.0,40.0,0,test,WaveletPrefixET_haar_combined_et20_10seed
target100__大电池短路数据__0.1Ω_7,0.1Ω 7.xlsx,1,0,ESC-0.1ohm,10.0,0.9488776823760618,0.6583828846168697,0.6004091699607415,0.6601908900505447,0.7439846203707369,0.79108439656462,1,50.0,40.0,0,test,WaveletPrefixET_haar_combined_et20_10seed
target100__大电池短路数据__0.1Ω_8,0.1Ω 8.xlsx,1,0,ESC-0.1ohm,10.0,0.8302557290189471,0.9041114759817053,0.7846793327299312,0.5570460033713922,0.6823559785836242,0.7017265111108831,1,50.0,40.0,0,test,WaveletPrefixET_haar_combined_et20_10seed
target100__大电池短路数据__10ohm_cc_1,10ohm cc 1.xlsx,1,0,ESC-10ohm,10.0,1.0,1.0,1.0,0.929632765281091,0.9976259467351738,0.9857355128556501,1,50.0,40.0,0,test,WaveletPrefixET_haar_combined_et20_10seed
target100__大电池短路数据__10ohm_cc_2,10ohm cc 2.xlsx,1,0,ESC-10ohm,10.3,1.0,1.0,1.0,0.997207853763421,0.9976259467351738,0.9857355128556501,1,50.0,39.7,0,test,WaveletPrefixET_haar_combined_et20_10seed
target100__大电池短路数据__10ohm_cc_3,10ohm cc 3.xlsx,1,0,ESC-10ohm,10.2,1.0,1.0,1.0,0.982969966429921,0.9976259467351738,0.9857355128556501,1,50.0,39.8,0,test,WaveletPrefixET_haar_combined_et20_10seed
target100__大电池短路数据__10Ω_1,10Ω 1.xlsx,1,0,ESC-10ohm,10.0,0.9488776823760618,0.9182073096935118,0.8001317400259207,0.676061276348981,0.7230122714611557,0.6994867815919605,1,50.0,40.0,0,test,WaveletPrefixET_haar_combined_et20_10seed
target100__大电池短路数据__10Ω_1_difficult,10Ω 1 difficult.xlsx,1,0,ESC-10ohm,10.0,0.7155218228631048,0.7096694546760633,0.6740751893390576,0.5541658573990652,0.7075335361977322,0.4509422887339932,1,50.0,40.0,0,test,WaveletPrefixET_haar_combined_et20_10seed
target100__大电池短路数据__1ohmcc10,1ohmcc10.xlsx,1,0,ESC-1ohm,9.9,1.0,1.0,1.0,0.997207853763421,0.9976259467351738,0.9801651705817246,1,50.0,40.1,0,test,WaveletPrefixET_haar_combined_et20_10seed
target100__大电池短路数据__1ohmcc3,1ohmcc3.xlsx,1,0,ESC-1ohm,9.9,1.0,1.0,1.0,1.0,0.9476259467351739,0.997740259064055,1,50.0,40.1,0,test,WaveletPrefixET_haar_combined_et20_10seed
target100__大电池短路数据__1Ω_5,1Ω 5.xlsx,1,0,ESC-1ohm,10.0,0.5463892636059537,0.5507672817598133,0.6980950542372553,0.6553122788233815,0.8258523471128256,0.6729620792163262,1,50.0,40.0,0,test,WaveletPrefixET_haar_combined_et20_10seed
target100__大电池短路数据__1Ω_5_difficult,1Ω 5 difficult.xlsx,1,0,ESC-1ohm,10.0,1.0,0.7994511374819797,0.95,0.7866202914669425,0.861567748487835,0.7589283023838614,1,50.0,40.0,0,test,WaveletPrefixET_haar_combined_et20_10seed
target100__大电池短路数据__1Ω_8,1Ω 8.xlsx,1,0,ESC-1ohm,10.0,0.5836500073791768,0.5199295323294306,0.26198506702257035,0.4003559174192669,0.7963501841190692,0.9213869143397837,1,50.0,40.0,0,test,WaveletPrefixET_haar_combined_et20_10seed
target100__大电池短路数据__1Ω_8_difficult,1Ω 8 difficult.xlsx,1,0,ESC-1ohm,4.1,0.6034990851817605,0.46003954315384094,0.6644917740649576,0.7215204224560857,0.7821525797334393,0.6680764248698617,1,50.0,45.9,0,test,WaveletPrefixET_haar_combined_et20_10seed
target100__大电池短路数据__normal_12,normal 12.xlsx,0,0,,,0.31992609698630037,0.26065385292543214,0.32382714976017574,0.1565280101489494,0.30691995258769506,0.39993741228954416,0,,,0,test,WaveletPrefixET_haar_combined_et20_10seed
target100__大电池短路数据__normal_12_difficult,normal 12 difficult.xlsx,0,1,,,0.0,0.006540457972080406,0.030114125307714117,0.03174570257796505,0.004626307352197183,0.013789196225995939,0,,,0,test,WaveletPrefixET_haar_combined_et20_10seed
target100__大电池短路数据__normal_13,normal 13.xlsx,0,0,,,0.29201909856254316,0.20736371462707445,0.2125728128062944,0.1492173241382376,0.28441848397415503,0.4458285962242394,0,,,0,test,WaveletPrefixET_haar_combined_et20_10seed
target100__大电池短路数据__normal_13_difficult,normal 13 difficult.xlsx,0,1,,,0.0,0.0,0.049436286249261344,0.03174570257796505,0.05462630735219718,0.07892452169998702,0,,,0,test,WaveletPrefixET_haar_combined_et20_10seed
target100__大电池短路数据__normal_9,normal 9.xlsx,0,0,,,0.35962265707899577,0.4694117977320168,0.34511702564976365,0.3731035937472794,0.378327274528311,0.6435179878882394,1,400.0,,0,test,WaveletPrefixET_haar_combined_et20_10seed
target100__大电池短路数据__normal_9_difficult,normal 9 difficult.xlsx,0,1,,,0.001387508292895611,0.06399634072704218,0.012286351895748355,0.01609061053137419,0.004626307352197183,0.008852800575794649,0,,,0,test,WaveletPrefixET_haar_combined_et20_10seed
target100__大电池短路数据__0.01ohmcc7,0.01ohmcc7.xlsx,1,0,ESC-0.01ohm,10.0,0.9901272912071208,1.0,1.0,1.0,0.9379083208798701,0.7654155050254474,1,50.0,40.0,4,test,WaveletPrefixET_haar_combined_et20_10seed
target100__大电池短路数据__0.01Ω_1,0.01Ω 1.xlsx,1,0,ESC-0.01ohm,10.0,0.7687676086539469,0.7735574394491955,0.8127583093860444,0.7516692458614844,0.6794209932335766,0.7933353029428637,1,50.0,40.0,4,test,WaveletPrefixET_haar_combined_et20_10seed
target100__大电池短路数据__0.01Ω_1_difficult,0.01Ω 1 difficult.xlsx,1,0,ESC-0.01ohm,10.0,0.8910729005959453,0.8356566291999499,0.807317616143498,0.821974276936872,0.9569219127901221,0.906921912790122,1,50.0,40.0,4,test,WaveletPrefixET_haar_combined_et20_10seed
target100__大电池短路数据__0.1ohm_cc_4,0.1ohm cc 4.xlsx,1,0,ESC-0.1ohm,10.0,0.9901272912071208,1.0,1.0,1.0,0.9910940789595802,0.9570834222098888,1,50.0,40.0,4,test,WaveletPrefixET_haar_combined_et20_10seed
target100__大电池短路数据__0.1ohm_cc_6,0.1ohm cc 6.xlsx,1,0,ESC-0.1ohm,10.0,0.9901272912071208,1.0,1.0,1.0,0.9924166805074341,0.9450253780810598,1,50.0,40.0,4,test,WaveletPrefixET_haar_combined_et20_10seed
target100__大电池短路数据__0.1Ω_5,0.1Ω 5.xlsx,1,0,ESC-0.1ohm,10.0,0.7999681505714985,0.726995974307535,0.8818734153161966,0.7706015466709831,0.7664776902690986,0.8082706778864921,1,50.0,40.0,4,test,WaveletPrefixET_haar_combined_et20_10seed
target100__大电池短路数据__0.1Ω_5_difficult,0.1Ω 5 difficult.xlsx,1,0,ESC-0.1ohm,4.1,0.944412430133745,0.9526116333039549,0.7796130603005459,0.9764681567785152,0.9569219127901221,0.9240222494829666,1,50.0,45.9,4,test,WaveletPrefixET_haar_combined_et20_10seed
target100__大电池短路数据__0.1Ω_6_cc,0.1Ω 6 cc.xlsx,1,0,ESC-0.1ohm,10.0,0.9901272912071208,1.0,1.0,1.0,0.9924166805074341,0.9450253780810598,1,50.0,40.0,4,test,WaveletPrefixET_haar_combined_et20_10seed
target100__大电池短路数据__0.1Ω_7_cc,0.1Ω 7 cc.xlsx,1,0,ESC-0.1ohm,10.0,0.9901272912071208,1.0,1.0,1.0,0.9924166805074341,0.9673576225511882,1,50.0,40.0,4,test,WaveletPrefixET_haar_combined_et20_10seed
target100__大电池短路数据__0.1Ω_9_cc,0.1Ω 9 cc.xlsx,1,0,ESC-0.1ohm,10.0,0.9901272912071208,1.0,1.0,1.0,0.9545215850204114,0.9317512370801859,1,50.0,40.0,4,test,WaveletPrefixET_haar_combined_et20_10seed
target100__大电池短路数据__10ohm_cc_1,10ohm cc 1.xlsx,1,0,ESC-10ohm,10.0,0.9901272912071208,1.0,1.0,1.0,0.9767528030355924,0.9829471794916838,1,50.0,40.0,4,test,WaveletPrefixET_haar_combined_et20_10seed
target100__大电池短路数据__10ohm_cc_2,10ohm cc 2.xlsx,1,0,ESC-10ohm,10.3,0.9901272912071208,1.0,1.0,1.0,0.9694452277929722,0.9315076479151194,1,50.0,39.7,4,test,WaveletPrefixET_haar_combined_et20_10seed
target100__大电池短路数据__10ohm_cc_3,10ohm cc 3.xlsx,1,0,ESC-10ohm,10.2,0.9901272912071208,1.0,1.0,1.0,0.9694452277929722,0.9015996664424133,1,50.0,39.8,4,test,WaveletPrefixET_haar_combined_et20_10seed
target100__大电池短路数据__10Ω_3,10Ω 3.xlsx,1,0,ESC-10ohm,10.0,0.981426239763957,0.9561431459051521,0.9100452443284318,0.7854659931253689,0.7773226439405422,0.6793345621279074,1,50.0,40.0,4,test,WaveletPrefixET_haar_combined_et20_10seed
target100__大电池短路数据__10Ω_3_difficult,10Ω 3 difficult.xlsx,1,0,ESC-10ohm,10.0,0.9079739820102016,0.9060221000180618,0.8808073351719947,0.8884192199868262,0.8413570953492686,0.8492122671736659,1,50.0,40.0,4,test,WaveletPrefixET_haar_combined_et20_10seed
target100__大电池短路数据__1ohmcc7,1ohmcc7.xlsx,1,0,ESC-1ohm,9.9,0.9901272912071208,1.0,1.0,1.0,0.9975996722302893,0.9762669633329816,1,50.0,40.1,4,test,WaveletPrefixET_haar_combined_et20_10seed
target100__大电池短路数据__1ohmcc9,1ohmcc9.xlsx,1,0,ESC-1ohm,9.7,0.9901272912071208,1.0,1.0,1.0,1.0,1.0,1,50.0,40.3,4,test,WaveletPrefixET_haar_combined_et20_10seed
target100__大电池短路数据__1Ω_1,1Ω 1.xlsx,1,0,ESC-1ohm,10.0,0.6697762945846338,0.4988305264651037,0.5234243497434237,0.7317221773448289,0.8878030644910856,0.7553886056409095,1,50.0,40.0,4,test,WaveletPrefixET_haar_combined_et20_10seed
target100__大电池短路数据__1Ω_1_difficult,1Ω 1 difficult.xlsx,1,0,ESC-1ohm,10.0,0.9569219127901221,0.8666741355838109,0.9235466834946535,0.9333900695686372,0.7381645570905994,0.7583369736936475,1,50.0,40.0,4,test,WaveletPrefixET_haar_combined_et20_10seed
target100__大电池短路数据__1Ω_5,1Ω 5.xlsx,1,0,ESC-1ohm,10.0,0.6236302497097397,0.5587656594757495,0.5431465208555064,0.48357603585460707,0.8460728609375874,0.6705549697940831,0,,,4,test,WaveletPrefixET_haar_combined_et20_10seed
target100__大电池短路数据__1Ω_5_difficult,1Ω 5 difficult.xlsx,1,0,ESC-1ohm,10.0,0.9397900560721977,0.852872367614394,0.952872367614394,0.841988564161424,0.9569219127901221,0.9190822785452998,1,50.0,40.0,4,test,WaveletPrefixET_haar_combined_et20_10seed
target100__大电池短路数据__normal_1,normal 1.xlsx,0,0,,,0.1776302848653502,0.5567331201463903,0.46825663533254164,0.33275750296969814,0.5717136212384056,0.6530152196214964,0,,,4,test,WaveletPrefixET_haar_combined_et20_10seed
target100__大电池短路数据__normal_15,normal 15.xlsx,0,0,,,0.14679238335209424,0.21420703310965888,0.24531370771119093,0.2337243131619593,0.22804688008404464,0.4167988289630209,0,,,4,test,WaveletPrefixET_haar_combined_et20_10seed
target100__大电池短路数据__normal_15_difficult,normal 15 difficult.xlsx,0,1,,,0.0014786562504635085,0.05,0.11012414470244328,0.0012158493726372838,0.027193099124749202,0.0021127519030449886,0,,,4,test,WaveletPrefixET_haar_combined_et20_10seed
target100__大电池短路数据__normal_16,normal 16.xlsx,0,0,,,0.13418250034632806,0.38668372149159935,0.36482618120838406,0.15258407277720662,0.5068249577259764,0.356665292491892,0,,,4,test,WaveletPrefixET_haar_combined_et20_10seed
target100__大电池短路数据__normal_1_difficult,normal 1 difficult.xlsx,0,1,,,0.39368069513123366,0.7658787021529347,0.44246130086039254,0.42096496046972937,0.8309356506613579,0.5294691942855623,0,,,4,test,WaveletPrefixET_haar_combined_et20_10seed
target100__大电池短路数据__0.01ohmcc4,0.01ohmcc4.xlsx,1,0,ESC-0.01ohm,10.0,1.0,1.0,0.9043442427316257,0.8194813345897275,0.9247025650708652,0.9576479621256301,1,50.0,40.0,7,test,WaveletPrefixET_haar_combined_et20_10seed
target100__大电池短路数据__0.01Ω_1,0.01Ω 1.xlsx,1,0,ESC-0.01ohm,10.0,0.8887251969490817,0.6043274422962919,0.81894671728395,0.7291158647931619,0.7329261785798928,0.5549172649538533,1,50.0,40.0,7,test,WaveletPrefixET_haar_combined_et20_10seed
target100__大电池短路数据__0.01Ω_1_difficult,0.01Ω 1 difficult.xlsx,1,0,ESC-0.01ohm,10.0,0.969143883008565,0.823835246455098,0.9,0.9031399817589761,0.9160018132366273,0.8741018034562321,1,50.0,40.0,7,test,WaveletPrefixET_haar_combined_et20_10seed
target100__大电池短路数据__0.1ohm_cc_1,0.1ohm cc 1.xlsx,1,0,ESC-0.1ohm,10.0,1.0,1.0,0.997364385662258,0.9980596764947613,0.9903141699706947,0.9386197688518129,1,50.0,40.0,7,test,WaveletPrefixET_haar_combined_et20_10seed
target100__大电池短路数据__0.1ohm_cc_4,0.1ohm cc 4.xlsx,1,0,ESC-0.1ohm,10.0,1.0,1.0,0.997364385662258,0.9637068396153288,0.9801289533424974,0.9316982398952487,1,50.0,40.0,7,test,WaveletPrefixET_haar_combined_et20_10seed
target100__大电池短路数据__0.1ohm_cc_7,0.1ohm cc 7.xlsx,1,0,ESC-0.1ohm,10.0,1.0,1.0,0.997364385662258,0.972573133618285,0.9970155417571853,0.9799412245030513,1,50.0,40.0,7,test,WaveletPrefixET_haar_combined_et20_10seed
target100__大电池短路数据__0.1ohm_cc_8,0.1ohm cc 8.xlsx,1,0,ESC-0.1ohm,10.0,1.0,0.9595250944414463,1.0,0.9980596764947613,0.9970155417571853,0.9868218039718307,1,50.0,40.0,7,test,WaveletPrefixET_haar_combined_et20_10seed
target100__大电池短路数据__0.1Ω_3,0.1Ω 3.xlsx,1,0,ESC-0.1ohm,10.0,0.9462153942325084,0.7814011788152019,0.6040922825683372,0.727273999949204,0.8214678371536518,0.843420727656534,1,50.0,40.0,7,test,WaveletPrefixET_haar_combined_et20_10seed
target100__大电池短路数据__0.1Ω_3_difficult,0.1Ω 3 difficult.xlsx,1,0,ESC-0.1ohm,10.0,0.9482277730518393,0.9024085698689956,0.8691438830085649,0.8595250944414463,0.9,0.974101803456232,1,50.0,40.0,7,test,WaveletPrefixET_haar_combined_et20_10seed
target100__大电池短路数据__0.1Ω_8_cc,0.1Ω 8 cc.xlsx,1,0,ESC-0.1ohm,10.0,1.0,0.9595250944414463,1.0,0.9980596764947613,0.9970155417571853,0.9868218039718307,1,50.0,40.0,7,test,WaveletPrefixET_haar_combined_et20_10seed
target100__大电池短路数据__10ohm_cc_1,10ohm cc 1.xlsx,1,0,ESC-10ohm,10.0,1.0,1.0,1.0,0.9980596764947613,1.0,0.9819442474594521,1,50.0,40.0,7,test,WaveletPrefixET_haar_combined_et20_10seed
target100__大电池短路数据__10Ω_1,10Ω 1.xlsx,1,0,ESC-10ohm,10.0,0.9153592772410732,0.7675106101352634,0.6814452671966659,0.6449339811344779,0.789004192747308,0.7632200470956352,1,50.0,40.0,7,test,WaveletPrefixET_haar_combined_et20_10seed
target100__大电池短路数据__10Ω_1_difficult,10Ω 1 difficult.xlsx,1,0,ESC-10ohm,10.0,0.9230130482408345,0.821972165613236,0.7732591813360848,0.42789565281843,0.6245660377294322,0.3888167747361789,1,50.0,40.0,7,test,WaveletPrefixET_haar_combined_et20_10seed
target100__大电池短路数据__10Ω_2,10Ω 2.xlsx,1,0,ESC-10ohm,10.0,0.783538552721532,0.898755577595257,0.742008661835921,0.6602327916552561,0.720595172953279,0.8139139578552165,1,100.0,90.0,7,test,WaveletPrefixET_haar_combined_et20_10seed
target100__大电池短路数据__10Ω_2_difficult,10Ω 2 difficult.xlsx,1,0,ESC-10ohm,10.0,0.9398911440641573,0.821972165613236,0.8076120182155174,0.42789565281843,0.5291730685536911,0.3888167747361789,1,50.0,40.0,7,test,WaveletPrefixET_haar_combined_et20_10seed
target100__大电池短路数据__10Ω_8,10Ω 8.xlsx,1,0,ESC-10ohm,10.0,0.8834980251912865,0.9319939441669568,0.8918774066697512,0.7905928325175118,0.828083556289554,0.8869518978224802,1,50.0,40.0,7,test,WaveletPrefixET_haar_combined_et20_10seed
target100__大电池短路数据__1ohmcc4,1ohmcc4.xlsx,1,0,ESC-1ohm,9.9,1.0,1.0,0.98350475812355,0.9980596764947613,0.9891965813609183,0.9868218039718307,1,50.0,40.1,7,test,WaveletPrefixET_haar_combined_et20_10seed
target100__大电池短路数据__1ohmcc5,1ohmcc5.xlsx,1,0,ESC-1ohm,9.8,1.0,1.0,1.0,0.9980596764947613,1.0,0.939544499882528,1,50.0,40.2,7,test,WaveletPrefixET_haar_combined_et20_10seed
target100__大电池短路数据__1ohmcc9,1ohmcc9.xlsx,1,0,ESC-1ohm,9.7,1.0,0.95,1.0,0.953527883270038,1.0,0.95,1,50.0,40.3,7,test,WaveletPrefixET_haar_combined_et20_10seed
target100__大电池短路数据__1Ω_8,1Ω 8.xlsx,1,0,ESC-1ohm,10.0,0.8897169705098922,0.756059083324471,0.4762295226418353,0.6168247807463239,0.6778600679351447,0.8128597029118202,1,50.0,40.0,7,test,WaveletPrefixET_haar_combined_et20_10seed
target100__大电池短路数据__1Ω_8_difficult,1Ω 8 difficult.xlsx,1,0,ESC-1ohm,4.1,0.8725358379438743,0.6188763086558315,0.7178115784734819,0.7153153155614161,0.7789451146409614,0.6277474429761838,1,50.0,45.9,7,test,WaveletPrefixET_haar_combined_et20_10seed
target100__大电池短路数据__normal_12,normal 12.xlsx,0,0,,,0.5031112233940523,0.5009465601289176,0.36893054146390514,0.4117791530535495,0.3648272722741428,0.6137086574881978,0,,,7,test,WaveletPrefixET_haar_combined_et20_10seed
target100__大电池短路数据__normal_12_difficult,normal 12 difficult.xlsx,0,1,,,0.05652295738170536,0.11541905825971252,0.07632191169969808,0.045015040189509914,0.0867362297913811,0.020148110553942986,0,,,7,test,WaveletPrefixET_haar_combined_et20_10seed
target100__大电池短路数据__normal_3,normal 3.xlsx,0,0,,,0.1513276652084499,0.5536874651342252,0.5780585027039021,0.39426437890344374,0.5385022355037838,0.2635358143945513,0,,,7,test,WaveletPrefixET_haar_combined_et20_10seed
target100__大电池短路数据__normal_3_difficult,normal 3 difficult.xlsx,0,1,,,0.0,0.011646321346090421,0.05,0.0071704599907430585,0.10073898737722646,0.0065016046561373496,0,,,7,test,WaveletPrefixET_haar_combined_et20_10seed
target100__大电池短路数据__normal_9,normal 9.xlsx,0,0,,,0.31586145302680957,0.41648370537449797,0.28389701792778943,0.3279311397311431,0.4810132867865626,0.6049958965784881,0,,,7,test,WaveletPrefixET_haar_combined_et20_10seed
target100__大电池短路数据__normal_9_difficult,normal 9 difficult.xlsx,0,1,,,0.0,0.052408569868995634,0.0,0.0035278832700379853,0.0007389873772264566,0.0065016046561373496,0,,,7,test,WaveletPrefixET_haar_combined_et20_10seed
target100__大电池短路数据__0.01ohmcc9,0.01ohmcc9.xlsx,1,0,ESC-0.01ohm,9.9,1.0,0.8628843244387854,0.9614137410157175,0.95,0.8140266563988703,0.9653474733736946,1,50.0,40.1,20,test,WaveletPrefixET_haar_combined_et20_10seed
target100__大电池短路数据__0.01Ω_1,0.01Ω 1.xlsx,1,0,ESC-0.01ohm,10.0,0.6558728939370135,0.6056275301084961,0.7221729003835746,0.7103332080664891,0.7401498066875475,0.741601105509716,1,100.0,90.0,20,test,WaveletPrefixET_haar_combined_et20_10seed
target100__大电池短路数据__0.01Ω_1_difficult,0.01Ω 1 difficult.xlsx,1,0,ESC-0.01ohm,10.0,1.0,0.9006571648448576,0.9114137410157175,0.7846077595514785,0.7975629998488075,0.8725694296514472,1,50.0,40.0,20,test,WaveletPrefixET_haar_combined_et20_10seed
target100__大电池短路数据__0.1ohm_cc_2,0.1ohm cc 2.xlsx,1,0,ESC-0.1ohm,10.0,1.0,1.0,1.0,1.0,0.951865587710914,0.9658603235409917,1,50.0,40.0,20,test,WaveletPrefixET_haar_combined_et20_10seed
target100__大电池短路数据__0.1ohm_cc_6,0.1ohm cc 6.xlsx,1,0,ESC-0.1ohm,10.0,1.0,1.0,1.0,1.0,0.9954234254915212,0.9600161883368298,1,50.0,40.0,20,test,WaveletPrefixET_haar_combined_et20_10seed
target100__大电池短路数据__0.1ohm_cc_9,0.1ohm cc 9.xlsx,1,0,ESC-0.1ohm,10.0,1.0,1.0,1.0,0.9735084490717206,0.9832457673614371,0.9052462572801403,1,50.0,40.0,20,test,WaveletPrefixET_haar_combined_et20_10seed
target100__大电池短路数据__0.1Ω_4_cc,0.1Ω 4 cc.xlsx,1,0,ESC-0.1ohm,10.0,0.9590783981907205,1.0,0.9736073414004668,1.0,0.9902225921159437,0.9480628419052138,1,50.0,40.0,20,test,WaveletPrefixET_haar_combined_et20_10seed
target100__大电池短路数据__0.1Ω_6,0.1Ω 6.xlsx,1,0,ESC-0.1ohm,10.0,0.8481959763131961,0.7982839214026305,0.8201178366539139,0.8891117036885176,0.8212529430032364,0.6126482278751669,1,50.0,40.0,20,test,WaveletPrefixET_haar_combined_et20_10seed
target100__大电池短路数据__0.1Ω_8_cc,0.1Ω 8 cc.xlsx,1,0,ESC-0.1ohm,10.0,1.0,1.0,1.0,1.0,0.9954234254915212,1.0,1,50.0,40.0,20,test,WaveletPrefixET_haar_combined_et20_10seed
target100__大电池短路数据__10ohm_cc_7,10ohm cc 7.xlsx,1,0,ESC-10ohm,10.1,1.0,1.0,1.0,1.0,0.9954234254915212,0.9885402805354218,1,50.0,39.9,20,test,WaveletPrefixET_haar_combined_et20_10seed
target100__大电池短路数据__10Ω_1,10Ω 1.xlsx,1,0,ESC-10ohm,10.0,0.8281385221969456,0.7158811913491153,0.5770989412091557,0.6475571231764639,0.6326289597553895,0.5660572667799858,1,50.0,40.0,20,test,WaveletPrefixET_haar_combined_et20_10seed
target100__大电池短路数据__10Ω_1_difficult,10Ω 1 difficult.xlsx,1,0,ESC-10ohm,10.0,0.9549924319469006,0.8313612834836219,1.0,0.9013491403580941,0.9045314300568498,0.7256111379797932,1,50.0,40.0,20,test,WaveletPrefixET_haar_combined_et20_10seed
target100__大电池短路数据__10Ω_5,10Ω 5.xlsx,1,0,ESC-10ohm,10.0,0.9093267499740412,0.8434341612306115,0.6627760504152879,0.516698572486885,0.5997897688827885,0.44473810210984005,1,50.0,40.0,20,test,WaveletPrefixET_haar_combined_et20_10seed
target100__大电池短路数据__10Ω_8,10Ω 8.xlsx,1,0,ESC-10ohm,10.0,0.971653539923383,0.8866836056620653,0.7256920052055321,0.63736557186865,0.7600371461599582,0.79619043865452,1,50.0,40.0,20,test,WaveletPrefixET_haar_combined_et20_10seed
target100__大电池短路数据__1ohmcc2,1ohmcc2.xlsx,1,0,ESC-1ohm,10.0,1.0,1.0,0.9590783981907205,0.95,0.9954234254915212,1.0,1,50.0,40.0,20,test,WaveletPrefixET_haar_combined_et20_10seed
target100__大电池短路数据__1ohmcc4,1ohmcc4.xlsx,1,0,ESC-1ohm,9.9,1.0,1.0,1.0,1.0,0.9954234254915212,1.0,1,50.0,40.1,20,test,WaveletPrefixET_haar_combined_et20_10seed
target100__大电池短路数据__1ohmcc6,1ohmcc6.xlsx,1,0,ESC-1ohm,9.9,1.0,1.0,0.9590783981907205,0.95,0.9454234254915213,0.9,1,50.0,40.1,20,test,WaveletPrefixET_haar_combined_et20_10seed
target100__大电池短路数据__1Ω_3,1Ω 3.xlsx,1,0,ESC-1ohm,10.0,0.5638159568749733,0.7029127494314507,0.5261371079574788,0.7193383484924922,0.796971831361756,0.6328531578408818,1,75.0,65.0,20,test,WaveletPrefixET_haar_combined_et20_10seed
target100__大电池短路数据__1Ω_3_difficult,1Ω 3 difficult.xlsx,1,0,ESC-1ohm,10.0,0.8487751620879644,0.607013361077918,0.8084717149364928,0.8178643020061352,0.8472877713569055,0.9157691851028389,1,50.0,40.0,20,test,WaveletPrefixET_haar_combined_et20_10seed
target100__大电池短路数据__normal_13,normal 13.xlsx,0,0,,,0.18108522152062534,0.3514617560877457,0.24146017166326122,0.22491495692771957,0.10541454633370832,0.24424243809094684,0,,,20,test,WaveletPrefixET_haar_combined_et20_10seed
target100__大电池短路数据__normal_13_difficult,normal 13 difficult.xlsx,0,1,,,0.0031058453439212473,0.012661095153645038,0.05668242919682339,0.10690912543177875,0.015383927737155152,0.017775173035172353,0,,,20,test,WaveletPrefixET_haar_combined_et20_10seed
target100__大电池短路数据__normal_15,normal 15.xlsx,0,0,,,0.321342775430058,0.3514617560877457,0.24146017166326122,0.3698549613938481,0.14824959526289688,0.20172769217480474,0,,,20,test,WaveletPrefixET_haar_combined_et20_10seed
target100__大电池短路数据__normal_15_difficult,normal 15 difficult.xlsx,0,1,,,0.0031058453439212473,0.06910325737303771,0.2072173634832671,0.14092654067933633,0.015383927737155152,0.12131025283455829,0,,,20,test,WaveletPrefixET_haar_combined_et20_10seed
target100__大电池短路数据__normal_2,normal 2.xlsx,0,0,,,0.15221898108468218,0.8138727472507089,0.8114097507215782,0.5921414212523162,0.3928441311075156,0.48429057628974437,1,75.0,,20,test,WaveletPrefixET_haar_combined_et20_10seed
target100__大电池短路数据__normal_2_difficult,normal 2 difficult.xlsx,0,1,,,0.6147992422168129,0.6339153631726058,0.6078786612163316,0.4261241916613045,0.6404835124457511,0.37852620121077246,1,100.0,,20,test,WaveletPrefixET_haar_combined_et20_10seed
target100__大电池短路数据__0.01ohmcc8,0.01ohmcc8.xlsx,1,0,ESC-0.01ohm,10.1,1.0,1.0,1.0,1.0,0.5825337842922532,1.0,1,50.0,39.9,33,test,WaveletPrefixET_haar_combined_et20_10seed
target100__大电池短路数据__0.01Ω_1,0.01Ω 1.xlsx,1,0,ESC-0.01ohm,10.0,0.7919448936241718,0.6064730577463788,0.6977185672524868,0.7264634565259336,0.7675709157849386,0.6718210242833327,1,50.0,40.0,33,test,WaveletPrefixET_haar_combined_et20_10seed
target100__大电池短路数据__0.01Ω_1_difficult,0.01Ω 1 difficult.xlsx,1,0,ESC-0.01ohm,10.0,1.0,0.8168909795617134,0.7573658851202671,0.8500181805560876,0.8922689033728309,0.8183086391389154,1,50.0,40.0,33,test,WaveletPrefixET_haar_combined_et20_10seed
target100__大电池短路数据__0.1Ω_0soc_cc,0.1Ω 0soc cc.xlsx,1,0,ESC-0.1ohm,10.0,1.0,0.95,0.9680959632147885,0.9179516811051233,0.9212383209247058,0.8574784361294899,1,50.0,40.0,33,test,WaveletPrefixET_haar_combined_et20_10seed
target100__大电池短路数据__0.1Ω_1,0.1Ω 1.xlsx,1,0,ESC-0.1ohm,10.0,0.6491622587493995,0.7112697872103436,0.5556673736246196,0.6403082971893945,0.7094664856106213,0.7909581311979593,1,50.0,40.0,33,test,WaveletPrefixET_haar_combined_et20_10seed
target100__大电池短路数据__0.1Ω_1_cc,0.1Ω 1 cc.xlsx,1,0,ESC-0.1ohm,10.0,1.0,1.0,1.0,1.0,0.9726808103888308,1.0,1,50.0,40.0,33,test,WaveletPrefixET_haar_combined_et20_10seed
target100__大电池短路数据__0.1Ω_1_difficult,0.1Ω 1 difficult.xlsx,1,0,ESC-0.1ohm,10.0,0.9,0.95,0.768551271434454,0.8701749523896269,0.8802102491863473,0.9460032287702191,1,50.0,40.0,33,test,WaveletPrefixET_haar_combined_et20_10seed
target100__大电池短路数据__0.1Ω_3,0.1Ω 3.xlsx,1,0,ESC-0.1ohm,10.0,0.8716728233058136,0.9032591560575588,0.64961644638406,0.6565201722429452,0.7609012515817339,0.8524875065092209,1,50.0,40.0,33,test,WaveletPrefixET_haar_combined_et20_10seed
target100__大电池短路数据__0.1Ω_3_difficult,0.1Ω 3 difficult.xlsx,1,0,ESC-0.1ohm,10.0,0.9206916764361079,0.692929578914405,0.8807986720303118,1.0,0.9478762221329532,1.0,1,50.0,40.0,33,test,WaveletPrefixET_haar_combined_et20_10seed
target100__大电池短路数据__0.1Ω_6,0.1Ω 6.xlsx,1,0,ESC-0.1ohm,10.0,0.8455080697609116,0.8028691829756445,0.8070991646329311,0.8161238113687992,0.7600572828512194,0.7102126545514867,1,50.0,40.0,33,test,WaveletPrefixET_haar_combined_et20_10seed
target100__大电池短路数据__0.1Ω_8,0.1Ω 8.xlsx,1,0,ESC-0.1ohm,10.0,0.8947700602063435,0.8537821857118342,0.7325089597373913,0.5840084158994441,0.6488053857247473,0.7066931007164713,1,50.0,40.0,33,test,WaveletPrefixET_haar_combined_et20_10seed
target100__大电池短路数据__10ohm_cc_2,10ohm cc 2.xlsx,1,0,ESC-10ohm,10.3,1.0,1.0,0.9565907393577296,1.0,1.0,0.9792086787198938,1,50.0,39.7,33,test,WaveletPrefixET_haar_combined_et20_10seed
target100__大电池短路数据__10ohm_cc_5,10ohm cc 5.xlsx,1,0,ESC-10ohm,10.2,1.0,1.0,1.0,0.9156471631205674,1.0,0.9792086787198938,1,50.0,39.8,33,test,WaveletPrefixET_haar_combined_et20_10seed
target100__大电池短路数据__10Ω_4,10Ω 4.xlsx,1,0,ESC-10ohm,10.0,0.8677995134001815,0.772331702889282,0.517624612677096,0.5169345477823081,0.517888599391176,0.6688309450339831,1,50.0,40.0,33,test,WaveletPrefixET_haar_combined_et20_10seed
target100__大电池短路数据__10Ω_4_difficult,10Ω 4 difficult.xlsx,1,0,ESC-10ohm,10.0,0.32171072332205625,0.34151289083726166,0.3682264566357038,0.29505815808631164,0.3336519578749294,0.18126804340984595,0,,,33,test,WaveletPrefixET_haar_combined_et20_10seed
target100__大电池短路数据__10Ω_6,10Ω 6.xlsx,1,0,ESC-10ohm,10.0,0.8005861472553807,0.8851530944067567,0.7022366864851618,0.7795534968006066,0.636334113911949,0.6462835413942289,1,50.0,40.0,33,test,WaveletPrefixET_haar_combined_et20_10seed
target100__大电池短路数据__1ohmcc1,1ohmcc1.xlsx,1,0,ESC-1ohm,10.0,0.7682152415611077,1.0,1.0,1.0,0.9693075044405515,0.9052639427378466,1,50.0,40.0,33,test,WaveletPrefixET_haar_combined_et20_10seed
target100__大电池短路数据__1ohmcc8,1ohmcc8.xlsx,1,0,ESC-1ohm,9.9,1.0,1.0,1.0,1.0,1.0,0.9825252589438902,1,50.0,40.1,33,test,WaveletPrefixET_haar_combined_et20_10seed
target100__大电池短路数据__1Ω_2,1Ω 2.xlsx,1,0,ESC-1ohm,10.0,0.6991304209539839,0.5987572387926912,0.7596463005004032,0.6531131667911508,0.6989575231378266,0.8233853957401308,1,50.0,40.0,33,test,WaveletPrefixET_haar_combined_et20_10seed
target100__大电池短路数据__1Ω_2_difficult,1Ω 2 difficult.xlsx,1,0,ESC-1ohm,10.0,0.8574150645450175,0.6471151982021732,0.7565907393577296,0.5081484267869251,0.6221954477123901,0.7241011454451917,1,50.0,40.0,33,test,WaveletPrefixET_haar_combined_et20_10seed
target100__大电池短路数据__1Ω_8,1Ω 8.xlsx,1,0,ESC-1ohm,10.0,0.7742265580046015,0.49370150157004533,0.4428492456097052,0.29569313488706,0.49171061498965135,0.9185829899213221,1,50.0,40.0,33,test,WaveletPrefixET_haar_combined_et20_10seed
target100__大电池短路数据__1Ω_8_difficult,1Ω 8 difficult.xlsx,1,0,ESC-1ohm,4.1,0.7706916764361079,0.6208113450040376,0.6122477903521435,0.6843575987571311,0.75,0.6579646862140789,1,50.0,45.9,33,test,WaveletPrefixET_haar_combined_et20_10seed
target100__大电池短路数据__normal_1,normal 1.xlsx,0,0,,,0.10022232110888976,0.5614726861544838,0.4371819546070334,0.3575016332450506,0.4967692777952701,0.5936969512046887,1,400.0,,33,test,WaveletPrefixET_haar_combined_et20_10seed
target100__大电池短路数据__normal_1_difficult,normal 1 difficult.xlsx,0,1,,,0.08466809509884214,0.12723636993054538,0.28035586788330297,0.30445005055609414,0.42569892777679674,0.29564699476468964,0,,,33,test,WaveletPrefixET_haar_combined_et20_10seed
target100__大电池短路数据__normal_6,normal 6.xlsx,0,0,,,0.06527714301007852,0.2035142658613825,0.30348233985012196,0.22688138148913278,0.17714465983547362,0.19666072675902213,0,,,33,test,WaveletPrefixET_haar_combined_et20_10seed
target100__大电池短路数据__normal_6_difficult,normal 6 difficult.xlsx,0,1,,,0.9051641818834701,0.4525850745272953,0.6325252589438902,0.03789337361635357,0.5289915393158912,0.07623970217129977,1,50.0,,33,test,WaveletPrefixET_haar_combined_et20_10seed
target100__大电池短路数据__normal_9,normal 9.xlsx,0,0,,,0.2997506586854154,0.33218896800486947,0.34391620595580713,0.22056869285217182,0.3,0.5667667660734084,0,,,33,test,WaveletPrefixET_haar_combined_et20_10seed
target100__大电池短路数据__normal_9_difficult,normal 9 difficult.xlsx,0,1,,,0.001399450743514524,0.012110111345178049,0.0,0.001554534059678284,0.005634323436551583,0.005581452021192238,0,,,33,test,WaveletPrefixET_haar_combined_et20_10seed
target100__大电池短路数据__0.01ohmcc8,0.01ohmcc8.xlsx,1,0,ESC-0.01ohm,10.1,1.0,1.0,1.0,1.0,0.825205380179441,0.9514820975807041,1,50.0,39.9,55,test,WaveletPrefixET_haar_combined_et20_10seed
target100__大电池短路数据__0.01Ω_1,0.01Ω 1.xlsx,1,0,ESC-0.01ohm,10.0,0.8256775018961899,0.5632081088685403,0.7338147837614637,0.5092547933097816,0.7145482391766629,0.6916422984016292,1,100.0,90.0,55,test,WaveletPrefixET_haar_combined_et20_10seed
target100__大电池短路数据__0.01Ω_1_difficult,0.01Ω 1 difficult.xlsx,1,0,ESC-0.01ohm,10.0,0.95,0.7945054289218273,0.9809369056704359,0.85,0.744582268783009,0.8229804574424471,1,50.0,40.0,55,test,WaveletPrefixET_haar_combined_et20_10seed
target100__大电池短路数据__0.1ohm_cc_10,0.1ohm cc 10.xlsx,1,0,ESC-0.1ohm,10.0,1.0,0.95,0.95,1.0,0.9564909379807531,0.778425108138555,1,50.0,40.0,55,test,WaveletPrefixET_haar_combined_et20_10seed
target100__大电池短路数据__0.1ohm_cc_7,0.1ohm cc 7.xlsx,1,0,ESC-0.1ohm,10.0,1.0,1.0,1.0,1.0,0.979674498885816,0.9935336986644592,1,50.0,40.0,55,test,WaveletPrefixET_haar_combined_et20_10seed
target100__大电池短路数据__0.1Ω_0soc_cc,0.1Ω 0soc cc.xlsx,1,0,ESC-0.1ohm,10.0,1.0,0.95,0.95,1.0,0.9564909379807531,0.778425108138555,1,50.0,40.0,55,test,WaveletPrefixET_haar_combined_et20_10seed
target100__大电池短路数据__0.1Ω_1_cc,0.1Ω 1 cc.xlsx,1,0,ESC-0.1ohm,10.0,1.0,1.0,0.9707348372887192,1.0,1.0,0.9869188599653764,1,50.0,40.0,55,test,WaveletPrefixET_haar_combined_et20_10seed
target100__大电池短路数据__0.1Ω_4_cc,0.1Ω 4 cc.xlsx,1,0,ESC-0.1ohm,10.0,1.0,1.0,0.9935177447526125,1.0,0.9736163812695026,0.97812777478395,1,50.0,40.0,55,test,WaveletPrefixET_haar_combined_et20_10seed
target100__大电池短路数据__0.1Ω_9_cc,0.1Ω 9 cc.xlsx,1,0,ESC-0.1ohm,10.0,1.0,1.0,1.0,1.0,1.0,0.9845940761194907,1,50.0,40.0,55,test,WaveletPrefixET_haar_combined_et20_10seed
target100__大电池短路数据__10ohm_cc_10,10ohm cc 10.xlsx,1,0,ESC-10ohm,10.3,1.0,1.0,0.9935177447526125,1.0,0.9921515589322419,1.0,1,50.0,39.7,55,test,WaveletPrefixET_haar_combined_et20_10seed
target100__大电池短路数据__10Ω_1_cc,10Ω 1 cc.xlsx,1,0,ESC-10ohm,10.0,1.0,1.0,1.0,1.0,1.0,0.9700045161195072,1,50.0,40.0,55,test,WaveletPrefixET_haar_combined_et20_10seed
target100__大电池短路数据__10Ω_3,10Ω 3.xlsx,1,0,ESC-10ohm,10.0,0.9850214749030052,0.8629776778748557,0.8262518728703607,0.8630119895494168,0.8287048221686856,0.7645762817278129,1,50.0,40.0,55,test,WaveletPrefixET_haar_combined_et20_10seed
target100__大电池短路数据__10Ω_3_difficult,10Ω 3 difficult.xlsx,1,0,ESC-10ohm,10.0,0.95,0.8481029867123036,0.8027558283591537,0.7628765391533892,0.6637278071583675,0.7409616241444236,1,50.0,40.0,55,test,WaveletPrefixET_haar_combined_et20_10seed
target100__大电池短路数据__10Ω_6,10Ω 6.xlsx,1,0,ESC-10ohm,10.0,0.9183158705173863,0.8940407600305216,0.7969768848722556,0.7423131795196131,0.7980321026740602,0.5966057180317095,1,75.0,65.0,55,test,WaveletPrefixET_haar_combined_et20_10seed
target100__大电池短路数据__1ohmcc1,1ohmcc1.xlsx,1,0,ESC-1ohm,10.0,0.9564909379807531,1.0,1.0,1.0,0.9736163812695026,0.9823251813738276,1,50.0,40.0,55,test,WaveletPrefixET_haar_combined_et20_10seed
target100__大电池短路数据__1ohmcc3,1ohmcc3.xlsx,1,0,ESC-1ohm,9.9,1.0,1.0,1.0,1.0,1.0,1.0,1,50.0,40.1,55,test,WaveletPrefixET_haar_combined_et20_10seed
target100__大电池短路数据__1Ω_1,1Ω 1.xlsx,1,0,ESC-1ohm,10.0,0.7820535867250167,0.5372774776598204,0.7483947040786406,0.7620910510317067,0.6292198205917995,0.6241075791045511,1,100.0,90.0,55,test,WaveletPrefixET_haar_combined_et20_10seed
target100__大电池短路数据__1Ω_1_difficult,1Ω 1 difficult.xlsx,1,0,ESC-1ohm,10.0,0.95,0.7677229979018944,0.8629818759615061,0.81645262940539,0.8495393269524556,0.805372583058352,1,50.0,40.0,55,test,WaveletPrefixET_haar_combined_et20_10seed
target100__大电池短路数据__1Ω_8,1Ω 8.xlsx,1,0,ESC-1ohm,10.0,0.7891164188755145,0.6954767930401096,0.5250910163082907,0.27698393784323316,0.7797509714057107,0.8102996861152405,1,75.0,65.0,55,test,WaveletPrefixET_haar_combined_et20_10seed
target100__大电池短路数据__1Ω_8_difficult,1Ω 8 difficult.xlsx,1,0,ESC-1ohm,4.1,0.7388161193545806,0.5739372301053779,0.8179811667019766,0.8036979915180794,0.7447166962997267,0.6306528079373456,1,100.0,95.9,55,test,WaveletPrefixET_haar_combined_et20_10seed
target100__大电池短路数据__normal_1,normal 1.xlsx,0,0,,,0.16348696636993668,0.5991989279334169,0.33808246932210445,0.4298841003439734,0.6554513496556764,0.5842039252656658,0,,,55,test,WaveletPrefixET_haar_combined_et20_10seed
target100__大电池短路数据__normal_1_difficult,normal 1 difficult.xlsx,0,1,,,0.16968739180422276,0.12658436748823473,0.33352716006137123,0.14462976042982476,0.15528401979361953,0.422183861187529,0,,,55,test,WaveletPrefixET_haar_combined_et20_10seed
target100__大电池短路数据__normal_4,normal 4.xlsx,0,0,,,0.378538580811114,0.5996530695093725,0.34612781120353486,0.8174547464650445,0.4860058647946497,0.397381283037425,1,150.0,,55,test,WaveletPrefixET_haar_combined_et20_10seed
target100__大电池短路数据__normal_4_difficult,normal 4 difficult.xlsx,0,1,,,0.0,0.0,0.005338312063316614,0.02615880318012357,0.006268462335106905,0.004935374916235896,0,,,55,test,WaveletPrefixET_haar_combined_et20_10seed
target100__大电池短路数据__normal_7,normal 7.xlsx,0,0,,,0.46997486604772315,0.5140522421274432,0.4883488223609517,0.5683120117286349,0.5712427833804072,0.6442106118692992,0,,,55,test,WaveletPrefixET_haar_combined_et20_10seed
target100__大电池短路数据__normal_7_difficult,normal 7 difficult.xlsx,0,1,,,0.07532163671880351,0.0552769117121392,0.07823223405564285,0.028181238576386058,0.07841913005657791,0.07953789550335402,0,,,55,test,WaveletPrefixET_haar_combined_et20_10seed
target100__大电池短路数据__0.01ohmcc7,0.01ohmcc7.xlsx,1,0,ESC-0.01ohm,10.0,1.0,1.0,1.0,1.0,0.970140832278463,0.8786483770196796,1,50.0,40.0,69,test,WaveletPrefixET_haar_combined_et20_10seed
target100__大电池短路数据__0.01Ω_1,0.01Ω 1.xlsx,1,0,ESC-0.01ohm,10.0,0.6162893189254255,0.510516152656594,0.8492107158920186,0.5485717598894307,0.7983481880057621,0.5111097020098294,1,50.0,40.0,69,test,WaveletPrefixET_haar_combined_et20_10seed
target100__大电池短路数据__0.01Ω_1_difficult,0.01Ω 1 difficult.xlsx,1,0,ESC-0.01ohm,10.0,0.9406090429485511,0.9248795168473066,0.7096844374162092,0.8375777299150101,0.7964470965841268,0.4778222174778256,1,50.0,40.0,69,test,WaveletPrefixET_haar_combined_et20_10seed
target100__大电池短路数据__0.1ohm_cc_2,0.1ohm cc 2.xlsx,1,0,ESC-0.1ohm,10.0,1.0,1.0,0.9864613382749351,0.9955748321436282,0.9818741258539007,0.9690371902102843,1,50.0,40.0,69,test,WaveletPrefixET_haar_combined_et20_10seed
target100__大电池短路数据__0.1ohm_cc_3,0.1ohm cc 3.xlsx,1,0,ESC-0.1ohm,10.0,1.0,1.0,1.0,0.9991339006233207,0.9611845621841649,0.9683400504802735,1,50.0,40.0,69,test,WaveletPrefixET_haar_combined_et20_10seed
target100__大电池短路数据__0.1Ω_0soc_cc,0.1Ω 0soc cc.xlsx,1,0,ESC-0.1ohm,10.0,1.0,1.0,0.9272248797100253,1.0,0.9665597422987385,1.0,1,50.0,40.0,69,test,WaveletPrefixET_haar_combined_et20_10seed
target100__大电池短路数据__0.1Ω_10,0.1Ω 10.xlsx,1,0,ESC-0.1ohm,10.0,0.8397607541406267,0.7235190733212729,0.6705033648555838,0.4918206469064185,0.8934758701026085,0.7694018393676729,1,50.0,40.0,69,test,WaveletPrefixET_haar_combined_et20_10seed
target100__大电池短路数据__0.1Ω_3,0.1Ω 3.xlsx,1,0,ESC-0.1ohm,10.0,0.7884527650058148,0.6811173653197752,0.7182580396936556,0.752768540868301,0.8804133456190995,0.6886438162859487,1,50.0,40.0,69,test,WaveletPrefixET_haar_combined_et20_10seed
target100__大电池短路数据__0.1Ω_3_difficult,0.1Ω 3 difficult.xlsx,1,0,ESC-0.1ohm,10.0,0.9570840474315624,1.0,0.9092727714369839,0.920140832278463,0.979310436330264,0.9093695097836472,1,50.0,40.0,69,test,WaveletPrefixET_haar_combined_et20_10seed
target100__大电池短路数据__0.1Ω_5_cc,0.1Ω 5 cc.xlsx,1,0,ESC-0.1ohm,10.0,1.0,1.0,0.9553334144755302,0.9545534108119694,0.9818741258539007,0.9252094388609537,1,50.0,40.0,69,test,WaveletPrefixET_haar_combined_et20_10seed
target100__大电池短路数据__10Ω_1_cc,10Ω 1 cc.xlsx,1,0,ESC-10ohm,10.0,1.0,1.0,1.0,1.0,0.9611845621841649,0.9585161382424975,1,50.0,40.0,69,test,WaveletPrefixET_haar_combined_et20_10seed
target100__大电池短路数据__10Ω_3,10Ω 3.xlsx,1,0,ESC-10ohm,10.0,0.9125117500135653,0.7472278497805086,0.797355761101214,0.7526111830189814,0.8151549570510541,0.6086526273058486,1,50.0,40.0,69,test,WaveletPrefixET_haar_combined_et20_10seed
target100__大电池短路数据__10Ω_3_difficult,10Ω 3 difficult.xlsx,1,0,ESC-10ohm,10.0,0.9071687852472896,0.8402672432058573,0.6340479695263507,0.5858003824369833,0.6284365857357549,0.6228425666035953,1,50.0,40.0,69,test,WaveletPrefixET_haar_combined_et20_10seed
target100__大电池短路数据__10Ω_4,10Ω 4.xlsx,1,0,ESC-10ohm,10.0,0.8471431384059922,0.7971723563310023,0.5424609418678009,0.5505039692415779,0.45249339266656313,0.5319154486057563,1,50.0,40.0,69,test,WaveletPrefixET_haar_combined_et20_10seed
target100__大电池短路数据__10Ω_4_difficult,10Ω 4 difficult.xlsx,1,0,ESC-10ohm,10.0,0.3672990551241927,0.4360621819788479,0.36629364379719315,0.37028159358323076,0.3435964309824805,0.26096234656406614,0,,,69,test,WaveletPrefixET_haar_combined_et20_10seed
target100__大电池短路数据__10Ω_6,10Ω 6.xlsx,1,0,ESC-10ohm,10.0,0.8625117500135653,0.8376686006137893,0.7534548310210443,0.5580094867291682,0.6381661577410718,0.5714757415795293,1,50.0,40.0,69,test,WaveletPrefixET_haar_combined_et20_10seed
target100__大电池短路数据__1ohmcc1,1ohmcc1.xlsx,1,0,ESC-1ohm,10.0,0.9272248797100253,1.0,1.0,1.0,0.9555081350224647,0.9626970636180854,1,50.0,40.0,69,test,WaveletPrefixET_haar_combined_et20_10seed
target100__大电池短路数据__1ohmcc8,1ohmcc8.xlsx,1,0,ESC-1ohm,9.9,1.0,1.0,1.0,0.9991339006233207,0.9909164135765716,1.0,1,50.0,40.1,69,test,WaveletPrefixET_haar_combined_et20_10seed
target100__大电池短路数据__1Ω_3,1Ω 3.xlsx,1,0,ESC-1ohm,10.0,0.4698300571961986,0.5032899198224667,0.6718977463063434,0.7802903529224573,0.7567649370365269,0.5357378819432463,1,100.0,90.0,69,test,WaveletPrefixET_haar_combined_et20_10seed
target100__大电池短路数据__1Ω_3_difficult,1Ω 3 difficult.xlsx,1,0,ESC-1ohm,10.0,0.7638422555063249,0.9,0.6011485714620125,0.6052068448380336,0.822123135689554,0.8659256791784855,1,50.0,40.0,69,test,WaveletPrefixET_haar_combined_et20_10seed
target100__大电池短路数据__1Ω_9,1Ω 9.xlsx,1,0,ESC-1ohm,10.0,0.7224095177575813,0.5721530168556095,0.793397515110897,0.8411541155106548,0.7504346408212815,0.6542403033029955,1,50.0,40.0,69,test,WaveletPrefixET_haar_combined_et20_10seed
target100__大电池短路数据__normal_3,normal 3.xlsx,0,0,,,0.1831194845974772,0.4600795888162696,0.5232970103185306,0.44647430669009214,0.6714496770120857,0.2521397441669951,1,250.0,,69,test,WaveletPrefixET_haar_combined_et20_10seed
target100__大电池短路数据__normal_3_difficult,normal 3 difficult.xlsx,0,1,,,0.0037580724852781535,0.01798016762121472,0.05369694071367431,0.012453072684170039,0.02514652832408454,0.0,0,,,69,test,WaveletPrefixET_haar_combined_et20_10seed
target100__大电池短路数据__normal_6,normal 6.xlsx,0,0,,,0.016559742298738588,0.10073163643438568,0.2817893482213384,0.18610498743508136,0.3451969575630699,0.41524624766598217,0,,,69,test,WaveletPrefixET_haar_combined_et20_10seed
target100__大电池短路数据__normal_6_difficult,normal 6 difficult.xlsx,0,1,,,0.920140832278463,0.44535096504546595,0.5322821237670794,0.10082985699230909,0.5195780936477532,0.10989570207996462,1,50.0,,69,test,WaveletPrefixET_haar_combined_et20_10seed
target100__大电池短路数据__normal_7,normal 7.xlsx,0,0,,,0.29111848604226104,0.23385112103186292,0.33611479923312426,0.18207610076264005,0.26898090157042615,0.542042449642222,0,,,69,test,WaveletPrefixET_haar_combined_et20_10seed
target100__大电池短路数据__normal_7_difficult,normal 7 difficult.xlsx,0,1,,,0.0008119371686055403,0.003812072758089953,0.05,0.003437509231458617,0.001022198923548622,0.003812072758089953,0,,,69,test,WaveletPrefixET_haar_combined_et20_10seed
target100__大电池短路数据__0.01ohmcc3,0.01ohmcc3.xlsx,1,0,ESC-0.01ohm,9.9,1.0,0.85,0.7615743906787986,1.0,0.9572563080592518,1.0,1,50.0,40.1,72,test,WaveletPrefixET_haar_combined_et20_10seed
target100__大电池短路数据__0.01Ω_1,0.01Ω 1.xlsx,1,0,ESC-0.01ohm,10.0,0.7020407097518191,0.6627637667545554,0.8518044340888753,0.8752018817966107,0.9376210835822221,0.8533202350971438,1,50.0,40.0,72,test,WaveletPrefixET_haar_combined_et20_10seed
target100__大电池短路数据__0.01Ω_1_difficult,0.01Ω 1 difficult.xlsx,1,0,ESC-0.01ohm,10.0,0.95,0.95,0.7114902287212235,0.8394160016596446,0.8039626585104294,0.8762361499145961,1,50.0,40.0,72,test,WaveletPrefixET_haar_combined_et20_10seed
target100__大电池短路数据__0.1Ω_0soc_cc,0.1Ω 0soc cc.xlsx,1,0,ESC-0.1ohm,10.0,0.8809181231028443,1.0,0.9050834526980456,0.915163258632057,0.8534707534438839,0.8856516311369355,1,50.0,40.0,72,test,WaveletPrefixET_haar_combined_et20_10seed
target100__大电池短路数据__0.1Ω_10,0.1Ω 10.xlsx,1,0,ESC-0.1ohm,10.0,0.7257519278378577,0.6192107237248481,0.7294081358182654,0.7351598368494363,0.8358040149800565,0.8990464922284318,1,50.0,40.0,72,test,WaveletPrefixET_haar_combined_et20_10seed
target100__大电池短路数据__0.1Ω_5_cc,0.1Ω 5 cc.xlsx,1,0,ESC-0.1ohm,10.0,1.0,1.0,0.9562979263469884,1.0,0.963932717293282,0.9627863536727563,1,50.0,40.0,72,test,WaveletPrefixET_haar_combined_et20_10seed
target100__大电池短路数据__0.1Ω_7_cc,0.1Ω 7 cc.xlsx,1,0,ESC-0.1ohm,10.0,1.0,1.0,0.9757977702698202,1.0,0.9694909461758631,0.9627863536727563,1,50.0,40.0,72,test,WaveletPrefixET_haar_combined_et20_10seed
target100__大电池短路数据__0.1Ω_8,0.1Ω 8.xlsx,1,0,ESC-0.1ohm,10.0,0.844482717008707,0.7523310722228749,0.6857033551692597,0.6414997129351268,0.6827235624603027,0.652335643726372,1,50.0,40.0,72,test,WaveletPrefixET_haar_combined_et20_10seed
target100__大电池短路数据__0.1Ω_9,0.1Ω 9.xlsx,1,0,ESC-0.1ohm,10.0,0.22675209256366324,0.35321996172256936,0.21723669296267345,0.3136033083026078,0.5996453253212841,0.5387893910226775,0,,,72,test,WaveletPrefixET_haar_combined_et20_10seed
target100__大电池短路数据__10ohm_cc_2,10ohm cc 2.xlsx,1,0,ESC-10ohm,10.3,1.0,1.0,1.0,1.0,0.9703223068681673,0.993964269125145,1,50.0,39.7,72,test,WaveletPrefixET_haar_combined_et20_10seed
target100__大电池短路数据__10ohm_cc_6,10ohm cc 6.xlsx,1,0,ESC-10ohm,10.3,1.0,1.0,1.0,1.0,0.9703223068681673,0.993964269125145,1,50.0,39.7,72,test,WaveletPrefixET_haar_combined_et20_10seed
target100__大电池短路数据__10Ω_3,10Ω 3.xlsx,1,0,ESC-10ohm,10.0,0.994047349734128,0.8743155984160154,0.7682964860122362,0.8140433890056883,0.7175542086608184,0.783622114102449,1,50.0,40.0,72,test,WaveletPrefixET_haar_combined_et20_10seed
target100__大电池短路数据__10Ω_3_difficult,10Ω 3 difficult.xlsx,1,0,ESC-10ohm,10.0,0.95,0.8553336651533705,0.8596686626791818,0.5948203477383794,0.5843500173102762,0.6051856377124764,1,50.0,40.0,72,test,WaveletPrefixET_haar_combined_et20_10seed
target100__大电池短路数据__10Ω_8,10Ω 8.xlsx,1,0,ESC-10ohm,10.0,0.858291575363428,0.7535479023140389,0.7377043714228042,0.6875988127782382,0.5907026156752833,0.7512685588478245,1,50.0,40.0,72,test,WaveletPrefixET_haar_combined_et20_10seed
target100__大电池短路数据__1ohmcc10,1ohmcc10.xlsx,1,0,ESC-1ohm,9.9,1.0,1.0,0.9918760342485701,1.0,1.0,0.9531248383863161,1,50.0,40.1,72,test,WaveletPrefixET_haar_combined_et20_10seed
target100__大电池短路数据__1ohmcc5,1ohmcc5.xlsx,1,0,ESC-1ohm,9.8,0.9564909379807531,1.0,0.9918760342485701,1.0,0.9654590615514221,0.8900806749304493,1,50.0,40.2,72,test,WaveletPrefixET_haar_combined_et20_10seed
target100__大电池短路数据__1Ω_2,1Ω 2.xlsx,1,0,ESC-1ohm,10.0,0.5509066730752908,0.47426703895735633,0.5324985808097487,0.7174694805154556,0.6415213194505457,0.7773946951918365,1,50.0,40.0,72,test,WaveletPrefixET_haar_combined_et20_10seed
target100__大电池短路数据__1Ω_2_difficult,1Ω 2 difficult.xlsx,1,0,ESC-1ohm,10.0,0.986432752684614,0.660790955357383,0.608077712069466,0.7370872892378519,0.6346368326768768,0.788607431798131,1,50.0,40.0,72,test,WaveletPrefixET_haar_combined_et20_10seed
target100__大电池短路数据__1Ω_9,1Ω 9.xlsx,1,0,ESC-1ohm,10.0,0.5861376732021507,0.6687090883826613,0.8362192512611051,0.7815103958113099,0.6448394829489235,0.5960706834236713,1,50.0,40.0,72,test,WaveletPrefixET_haar_combined_et20_10seed
target100__大电池短路数据__normal_3,normal 3.xlsx,0,0,,,0.16967042901757207,0.856623233778491,0.862324175057033,0.9236163812695025,0.8622230892711906,0.7878743497276278,1,100.0,,72,test,WaveletPrefixET_haar_combined_et20_10seed
target100__大电池短路数据__normal_3_difficult,normal 3 difficult.xlsx,0,1,,,0.0021742707919963494,0.014430511625705073,0.05054569400322656,0.03113286749050448,0.04541382006436788,0.05752010709182085,0,,,72,test,WaveletPrefixET_haar_combined_et20_10seed
target100__大电池短路数据__normal_4,normal 4.xlsx,0,0,,,0.41956187992389005,0.5997095690972226,0.3246818329767591,0.8013192960805497,0.8734308068889254,0.7283884355944377,0,,,72,test,WaveletPrefixET_haar_combined_et20_10seed
target100__大电池短路数据__normal_4_difficult,normal 4 difficult.xlsx,0,1,,,0.0021742707919963494,0.014430511625705073,0.031608776158892425,0.03113286749050448,0.05190475804512094,0.10102916911106781,0,,,72,test,WaveletPrefixET_haar_combined_et20_10seed
target100__大电池短路数据__normal_9,normal 9.xlsx,0,0,,,0.20821343085995497,0.24286208602718093,0.3047686977680756,0.18857445884578172,0.448600192585957,0.4233821755878928,0,,,72,test,WaveletPrefixET_haar_combined_et20_10seed
target100__大电池短路数据__normal_9_difficult,normal 9 difficult.xlsx,0,1,,,0.0,0.0023686421144291413,0.0,0.0066047856144280295,0.0031839380772833966,0.004833735054655069,0,,,72,test,WaveletPrefixET_haar_combined_et20_10seed
target100__大电池短路数据__0.01ohmcc6,0.01ohmcc6.xlsx,1,0,ESC-0.01ohm,10.0,0.9161663275283424,0.8275260767506886,0.8422323233146342,0.9,0.95,1.0,1,50.0,40.0,73,test,WaveletPrefixET_haar_combined_et20_10seed
target100__大电池短路数据__0.01Ω_1,0.01Ω 1.xlsx,1,0,ESC-0.01ohm,10.0,0.8343089155130079,0.5101932845518511,0.6665479253858779,0.5724812492337015,0.579787755821313,0.748734145615413,1,50.0,40.0,73,test,WaveletPrefixET_haar_combined_et20_10seed
target100__大电池短路数据__0.01Ω_1_difficult,0.01Ω 1 difficult.xlsx,1,0,ESC-0.01ohm,10.0,0.8766646619194528,0.8559852223316614,0.8119186419447356,0.9076716421994189,0.8635118718939813,0.7705277149022417,1,50.0,40.0,73,test,WaveletPrefixET_haar_combined_et20_10seed
target100__大电池短路数据__0.1ohm_cc_4,0.1ohm cc 4.xlsx,1,0,ESC-0.1ohm,10.0,0.9596419058426718,1.0,1.0,1.0,0.9128756081224265,0.9683201649847095,1,50.0,40.0,73,test,WaveletPrefixET_haar_combined_et20_10seed
target100__大电池短路数据__0.1ohm_cc_7,0.1ohm cc 7.xlsx,1,0,ESC-0.1ohm,10.0,1.0,1.0,1.0,1.0,0.9870673747514124,0.9895539765370824,1,50.0,40.0,73,test,WaveletPrefixET_haar_combined_et20_10seed
target100__大电池短路数据__0.1ohm_cc_9,0.1ohm cc 9.xlsx,1,0,ESC-0.1ohm,10.0,1.0,1.0,1.0,1.0,0.9870673747514124,0.9698149151425299,1,50.0,40.0,73,test,WaveletPrefixET_haar_combined_et20_10seed
target100__大电池短路数据__0.1Ω_4,0.1Ω 4.xlsx,1,0,ESC-0.1ohm,10.0,0.672277648893397,0.8110651251672156,0.8623996762863643,0.9057653810481826,0.7489025680774091,0.7667730930834218,1,50.0,40.0,73,test,WaveletPrefixET_haar_combined_et20_10seed
target100__大电池短路数据__0.1Ω_4_difficult,0.1Ω 4 difficult.xlsx,1,0,ESC-0.1ohm,10.0,0.8795344174242541,0.7198871972912243,0.7486378440925056,0.7449675407818572,0.680938988270889,0.9323326550566847,1,50.0,40.0,73,test,WaveletPrefixET_haar_combined_et20_10seed
target100__大电池短路数据__0.1Ω_5_cc,0.1Ω 5 cc.xlsx,1,0,ESC-0.1ohm,10.0,1.0,1.0,1.0,1.0,0.9870673747514124,0.9564052914414687,1,50.0,40.0,73,test,WaveletPrefixET_haar_combined_et20_10seed
target100__大电池短路数据__0.1Ω_8_cc,0.1Ω 8 cc.xlsx,1,0,ESC-0.1ohm,10.0,1.0,1.0,1.0,1.0,1.0,0.9895539765370824,1,50.0,40.0,73,test,WaveletPrefixET_haar_combined_et20_10seed
target100__大电池短路数据__10ohm_cc_6,10ohm cc 6.xlsx,1,0,ESC-10ohm,10.3,1.0,1.0,1.0,1.0,1.0,0.9895539765370824,1,50.0,39.7,73,test,WaveletPrefixET_haar_combined_et20_10seed
target100__大电池短路数据__10Ω_1_cc,10Ω 1 cc.xlsx,1,0,ESC-10ohm,10.0,1.0,1.0,1.0,1.0,1.0,0.9895539765370824,1,50.0,40.0,73,test,WaveletPrefixET_haar_combined_et20_10seed
target100__大电池短路数据__10Ω_3,10Ω 3.xlsx,1,0,ESC-10ohm,10.0,1.0,0.9905666772275478,0.9016984384136594,0.8741200403495168,0.8889264481453004,0.8569791155914501,1,50.0,40.0,73,test,WaveletPrefixET_haar_combined_et20_10seed
target100__大电池短路数据__10Ω_3_difficult,10Ω 3 difficult.xlsx,1,0,ESC-10ohm,10.0,0.8766646619194528,0.8554952921809658,0.7558134640576817,0.6926917236000638,0.8734005990365947,0.67598854792378,1,50.0,40.0,73,test,WaveletPrefixET_haar_combined_et20_10seed
target100__大电池短路数据__10Ω_8,10Ω 8.xlsx,1,0,ESC-10ohm,10.0,0.9744328620496845,0.940066804353159,0.8990452447648885,0.8460824264341447,0.8433515466539712,0.8822706339713946,1,50.0,40.0,73,test,WaveletPrefixET_haar_combined_et20_10seed
target100__大电池短路数据__1ohmcc4,1ohmcc4.xlsx,1,0,ESC-1ohm,9.9,1.0,1.0,1.0,1.0,1.0,1.0,1,50.0,40.1,73,test,WaveletPrefixET_haar_combined_et20_10seed
target100__大电池短路数据__1ohmcc6,1ohmcc6.xlsx,1,0,ESC-1ohm,9.9,0.9161663275283424,0.9661663275283423,0.8633022780466206,0.95,1.0,1.0,1,50.0,40.1,73,test,WaveletPrefixET_haar_combined_et20_10seed
target100__大电池短路数据__1ohmcc8,1ohmcc8.xlsx,1,0,ESC-1ohm,9.9,1.0,1.0,1.0,1.0,1.0,0.9469430313577089,1,50.0,40.1,73,test,WaveletPrefixET_haar_combined_et20_10seed
target100__大电池短路数据__1Ω_1,1Ω 1.xlsx,1,0,ESC-1ohm,10.0,0.664665310113369,0.6208242317701378,0.7078466925283589,0.824125562077214,0.7349029879007121,0.8072087556742739,1,50.0,40.0,73,test,WaveletPrefixET_haar_combined_et20_10seed
target100__大电池短路数据__1Ω_1_difficult,1Ω 1 difficult.xlsx,1,0,ESC-1ohm,10.0,1.0,0.8605576116999176,0.8280593217884851,1.0,0.8152050676294291,0.9,1,50.0,40.0,73,test,WaveletPrefixET_haar_combined_et20_10seed
target100__大电池短路数据__normal_10,normal 10.xlsx,0,0,,,0.7149915974525564,0.7531704693962191,0.6583102878978406,0.7390401933084013,0.4412916764653545,0.6677336384631619,1,50.0,,73,test,WaveletPrefixET_haar_combined_et20_10seed
target100__大电池短路数据__normal_10_difficult,normal 10 difficult.xlsx,0,1,,,0.0,0.0,0.017574620885863,0.059718097175763575,0.0068695046769901204,0.006301631916317406,0,,,73,test,WaveletPrefixET_haar_combined_et20_10seed
target100__大电池短路数据__normal_11,normal 11.xlsx,0,0,,,0.1744328620496845,0.15246281702339326,0.25792727579357055,0.3443646894997573,0.733745493944362,0.6725163937418668,1,250.0,,73,test,WaveletPrefixET_haar_combined_et20_10seed
target100__大电池短路数据__normal_11_difficult,normal 11 difficult.xlsx,0,1,,,0.5440066062393125,0.6599867905289016,0.7122139327688687,0.4652567163575482,0.5077275483219295,0.22258097467737334,1,50.0,,73,test,WaveletPrefixET_haar_combined_et20_10seed
target100__大电池短路数据__normal_15,normal 15.xlsx,0,0,,,0.2629511454116032,0.5739094253015271,0.2674973725034313,0.3636530652933877,0.2696025403242936,0.2813238906190046,0,,,73,test,WaveletPrefixET_haar_combined_et20_10seed
target100__大电池短路数据__normal_15_difficult,normal 15 difficult.xlsx,0,1,,,0.008774342008917978,0.011064321068782393,0.06462298137097482,0.16618202716460154,0.06390300700108621,0.008354891691449071,0,,,73,test,WaveletPrefixET_haar_combined_et20_10seed
target100__大电池短路数据__0.01ohmcc1,0.01ohmcc1.xlsx,1,0,ESC-0.01ohm,10.1,0.9569219127901221,0.8554326442033815,1.0,1.0,1.0,1.0,1,50.0,39.9,88,test,WaveletPrefixET_haar_combined_et20_10seed
target100__大电池短路数据__0.01Ω_1,0.01Ω 1.xlsx,1,0,ESC-0.01ohm,10.0,0.7945771922004097,0.8520338002241148,0.9166247707045315,0.8846635402094296,0.932746598373798,0.6682900000515004,1,150.0,140.0,88,test,WaveletPrefixET_haar_combined_et20_10seed
target100__大电池短路数据__0.01Ω_1_difficult,0.01Ω 1 difficult.xlsx,1,0,ESC-0.01ohm,10.0,0.7527229941703033,0.9748099823093007,0.7082642037527787,0.8682908273607044,0.8183704191057746,0.7539882650150762,1,75.0,65.0,88,test,WaveletPrefixET_haar_combined_et20_10seed
target100__大电池短路数据__0.1ohm_cc_10,0.1ohm cc 10.xlsx,1,0,ESC-0.1ohm,10.0,0.7783886420661933,1.0,0.9188048201943697,0.9198178598956647,0.9329156144503006,0.9,1,75.0,65.0,88,test,WaveletPrefixET_haar_combined_et20_10seed
target100__大电池短路数据__0.1ohm_cc_3,0.1ohm cc 3.xlsx,1,0,ESC-0.1ohm,10.0,1.0,1.0,1.0,1.0,0.9636196985139025,1.0,1,50.0,40.0,88,test,WaveletPrefixET_haar_combined_et20_10seed
target100__大电池短路数据__0.1ohm_cc_7,0.1ohm cc 7.xlsx,1,0,ESC-0.1ohm,10.0,1.0,1.0,1.0,0.9936021882147145,1.0,1.0,1,50.0,40.0,88,test,WaveletPrefixET_haar_combined_et20_10seed
target100__大电池短路数据__0.1Ω_0soc_cc,0.1Ω 0soc cc.xlsx,1,0,ESC-0.1ohm,10.0,0.7783886420661933,1.0,0.9188048201943697,0.9198178598956647,0.9329156144503006,0.9,1,75.0,65.0,88,test,WaveletPrefixET_haar_combined_et20_10seed
target100__大电池短路数据__0.1Ω_7_cc,0.1Ω 7 cc.xlsx,1,0,ESC-0.1ohm,10.0,1.0,1.0,1.0,0.9936021882147145,1.0,1.0,1,50.0,40.0,88,test,WaveletPrefixET_haar_combined_et20_10seed
target100__大电池短路数据__0.1Ω_8,0.1Ω 8.xlsx,1,0,ESC-0.1ohm,10.0,0.734485712660667,0.918625398733861,0.713744780438992,0.7101116385339867,0.6419146657680758,0.5208488611131638,1,150.0,140.0,88,test,WaveletPrefixET_haar_combined_et20_10seed
target100__大电池短路数据__10ohm_cc_9,10ohm cc 9.xlsx,1,0,ESC-10ohm,10.2,1.0,1.0,1.0,0.9662629182866448,1.0,0.9662629182866448,1,50.0,39.8,88,test,WaveletPrefixET_haar_combined_et20_10seed
target100__大电池短路数据__10Ω_1_cc,10Ω 1 cc.xlsx,1,0,ESC-10ohm,10.0,1.0,1.0,1.0,0.9894515512450983,1.0,1.0,1,50.0,40.0,88,test,WaveletPrefixET_haar_combined_et20_10seed
target100__大电池短路数据__10Ω_3,10Ω 3.xlsx,1,0,ESC-10ohm,10.0,0.943830075242475,0.9005597505026852,0.8028614331535426,0.7206322643460916,0.6446305907019185,0.6740523513388581,1,50.0,40.0,88,test,WaveletPrefixET_haar_combined_et20_10seed
target100__大电池短路数据__10Ω_3_difficult,10Ω 3 difficult.xlsx,1,0,ESC-10ohm,10.0,0.732888200584182,0.9,0.620864614649117,0.6525567621321855,0.9,0.7636881864629462,1,150.0,140.0,88,test,WaveletPrefixET_haar_combined_et20_10seed
target100__大电池短路数据__10Ω_4,10Ω 4.xlsx,1,0,ESC-10ohm,10.0,0.854599091200915,0.7582114968960865,0.6523997659597963,0.6889894297483615,0.646013553518248,0.7181079150398411,1,50.0,40.0,88,test,WaveletPrefixET_haar_combined_et20_10seed
target100__大电池短路数据__10Ω_4_difficult,10Ω 4 difficult.xlsx,1,0,ESC-10ohm,10.0,0.75,0.85,0.8662629182866446,0.3121603657551776,0.5894148984463565,0.4081688468781512,0,,,88,test,WaveletPrefixET_haar_combined_et20_10seed
target100__大电池短路数据__1Ω_3,1Ω 3.xlsx,1,0,ESC-1ohm,10.0,0.3961762682873626,0.819514534188967,0.9569122359009684,0.8066955843008753,0.9411440986274702,0.9529320889887194,1,100.0,90.0,88,test,WaveletPrefixET_haar_combined_et20_10seed
target100__大电池短路数据__1Ω_3_difficult,1Ω 3 difficult.xlsx,1,0,ESC-1ohm,10.0,1.0,0.95,0.7606402491878792,0.7565907040121511,0.85,0.707654086872759,1,50.0,40.0,88,test,WaveletPrefixET_haar_combined_et20_10seed
target100__大电池短路数据__1Ω_6,1Ω 6.xlsx,1,0,ESC-1ohm,10.0,0.943830075242475,0.9005597505026852,0.8697595044235251,0.856818733559197,0.881216927939875,0.8479741832544552,1,50.0,40.0,88,test,WaveletPrefixET_haar_combined_et20_10seed
target100__大电池短路数据__1Ω_6_difficult,1Ω 6 difficult.xlsx,1,0,ESC-1ohm,10.0,0.799242495640605,0.8569219127901221,0.5103849797702962,0.5970409345818941,0.809155421416278,0.9099698500651889,1,150.0,140.0,88,test,WaveletPrefixET_haar_combined_et20_10seed
target100__大电池短路数据__1Ω_7,1Ω 7.xlsx,1,0,ESC-1ohm,10.0,0.9008343158044128,0.6643625639842412,0.7298688122041195,0.8836339024824301,0.907407016914115,0.8232809543826202,1,50.0,40.0,88,test,WaveletPrefixET_haar_combined_et20_10seed
target100__大电池短路数据__1Ω_7_difficult,1Ω 7 difficult.xlsx,1,0,ESC-1ohm,10.0,0.809212345705794,0.8321936017853387,0.6395533192418922,0.621314505023799,0.9,0.859969850065189,1,50.0,40.0,88,test,WaveletPrefixET_haar_combined_et20_10seed
target100__大电池短路数据__1Ω_9,1Ω 9.xlsx,1,0,ESC-1ohm,10.0,0.6586245984070738,0.5899118764925231,0.824536667917941,0.8095679519152693,0.9149540096532303,0.7059891490111954,1,150.0,140.0,88,test,WaveletPrefixET_haar_combined_et20_10seed
target100__大电池短路数据__normal_1,normal 1.xlsx,0,0,,,0.3942937490379633,0.3791914387841465,0.4029594657748694,0.5020097664588237,0.7247725516799967,0.8476458608042583,0,,,88,test,WaveletPrefixET_haar_combined_et20_10seed
target100__大电池短路数据__normal_16,normal 16.xlsx,0,0,,,0.32834519054446776,0.2577597380883786,0.18570375870192263,0.22954601342593142,0.33478425757255514,0.5319831933334188,0,,,88,test,WaveletPrefixET_haar_combined_et20_10seed
target100__大电池短路数据__normal_1_difficult,normal 1 difficult.xlsx,0,1,,,0.6069113004538451,0.6352262093621386,0.7258485522181238,0.6006031153817977,0.6874108698542238,0.5728006149430568,1,150.0,,88,test,WaveletPrefixET_haar_combined_et20_10seed
target100__大电池短路数据__normal_3,normal 3.xlsx,0,0,,,0.38965844017251416,0.652770378783137,0.8814090580634879,0.7287976760059474,0.8284803161164396,0.795132913156677,1,150.0,,88,test,WaveletPrefixET_haar_combined_et20_10seed
target100__大电池短路数据__normal_3_difficult,normal 3 difficult.xlsx,0,1,,,0.052957312500927015,0.0,0.014873345591028616,0.13291255636679694,0.055196992648220665,0.008168846878151214,0,,,88,test,WaveletPrefixET_haar_combined_et20_10seed
