model,variant,n_seeds,accuracy_mean,accuracy_std,accuracy_min,accuracy_max,precision_mean,precision_std,precision_min,precision_max,recall_mean,recall_std,recall_min,recall_max,f1_mean,f1_std,f1_min,f1_max,specificity_mean,specificity_std,specificity_min,specificity_max,hard_negative_fpr_mean,hard_negative_fpr_std,hard_negative_fpr_min,hard_negative_fpr_max,fp_mean,fp_std,fp_min,fp_max,fn_mean,fn_std,fn_min,fn_max,median_delay_s_mean,median_delay_s_std,median_delay_s_min,median_delay_s_max,p95_delay_s_mean,p95_delay_s_std,p95_delay_s_min,p95_delay_s_max,margin_mean,margin_std,margin_min,margin_max
NPConformal_SpecificityControlled_MarginFamily,conformal_alpha0.05_add0.080,30,0.8908061321394655,0.10896875261311348,0.56,1.0,0.980467511554468,0.0335411495232248,0.8888888888888888,1.0,0.8789276220855168,0.14925804916895913,0.42105263157894735,1.0,0.9181428270790503,0.09925686529573495,0.5925925925925926,1.0,0.9333333333333333,0.1124441112772009,0.6666666666666666,1.0,0.04444444444444444,0.11524863454725345,0.0,0.3333333333333333,0.4,0.6746646676632054,0.0,2.0,2.433333333333333,2.872981550324636,0.0,11.0,49.166666666666664,20.217921946038174,40.0,140.0,124.53133333333325,64.04619594794295,41.839999999999996,302.6349999999999,0.09890856147317321,0.07271807795182161,0.08,0.40353765809382824
NPConformal_SpecificityControlled_MarginFamily,conformal_alpha0.10_add0.080,30,0.8908061321394655,0.10896875261311348,0.56,1.0,0.980467511554468,0.0335411495232248,0.8888888888888888,1.0,0.8789276220855168,0.14925804916895913,0.42105263157894735,1.0,0.9181428270790503,0.09925686529573495,0.5925925925925926,1.0,0.9333333333333333,0.1124441112772009,0.6666666666666666,1.0,0.04444444444444444,0.11524863454725345,0.0,0.3333333333333333,0.4,0.6746646676632054,0.0,2.0,2.433333333333333,2.872981550324636,0.0,11.0,49.166666666666664,20.217921946038174,40.0,140.0,124.53133333333325,64.04619594794295,41.839999999999996,302.6349999999999,0.09890856147317321,0.07271807795182161,0.08,0.40353765809382824
NPConformal_SpecificityControlled_MarginFamily,conformal_alpha0.20_add0.080,30,0.8908061321394655,0.10896875261311348,0.56,1.0,0.980467511554468,0.0335411495232248,0.8888888888888888,1.0,0.8789276220855168,0.14925804916895913,0.42105263157894735,1.0,0.9181428270790503,0.09925686529573495,0.5925925925925926,1.0,0.9333333333333333,0.1124441112772009,0.6666666666666666,1.0,0.04444444444444444,0.11524863454725345,0.0,0.3333333333333333,0.4,0.6746646676632054,0.0,2.0,2.433333333333333,2.872981550324636,0.0,11.0,49.166666666666664,20.217921946038174,40.0,140.0,124.53133333333325,64.04619594794295,41.839999999999996,302.6349999999999,0.09890856147317321,0.07271807795182161,0.08,0.40353765809382824
NPConformal_SpecificityControlled_MarginFamily,max_alpha0.05_add0.080,30,0.8908061321394655,0.10896875261311348,0.56,1.0,0.980467511554468,0.0335411495232248,0.8888888888888888,1.0,0.8789276220855168,0.14925804916895913,0.42105263157894735,1.0,0.9181428270790503,0.09925686529573495,0.5925925925925926,1.0,0.9333333333333333,0.1124441112772009,0.6666666666666666,1.0,0.04444444444444444,0.11524863454725345,0.0,0.3333333333333333,0.4,0.6746646676632054,0.0,2.0,2.433333333333333,2.872981550324636,0.0,11.0,49.166666666666664,20.217921946038174,40.0,140.0,124.53133333333325,64.04619594794295,41.839999999999996,302.6349999999999,0.09890856147317321,0.07271807795182161,0.08,0.40353765809382824
NPConformal_SpecificityControlled_MarginFamily,max_alpha0.10_add0.080,30,0.8908061321394655,0.10896875261311348,0.56,1.0,0.980467511554468,0.0335411495232248,0.8888888888888888,1.0,0.8789276220855168,0.14925804916895913,0.42105263157894735,1.0,0.9181428270790503,0.09925686529573495,0.5925925925925926,1.0,0.9333333333333333,0.1124441112772009,0.6666666666666666,1.0,0.04444444444444444,0.11524863454725345,0.0,0.3333333333333333,0.4,0.6746646676632054,0.0,2.0,2.433333333333333,2.872981550324636,0.0,11.0,49.166666666666664,20.217921946038174,40.0,140.0,124.53133333333325,64.04619594794295,41.839999999999996,302.6349999999999,0.09890856147317321,0.07271807795182161,0.08,0.40353765809382824
NPConformal_SpecificityControlled_MarginFamily,max_alpha0.20_add0.080,30,0.8908061321394655,0.10896875261311348,0.56,1.0,0.980467511554468,0.0335411495232248,0.8888888888888888,1.0,0.8789276220855168,0.14925804916895913,0.42105263157894735,1.0,0.9181428270790503,0.09925686529573495,0.5925925925925926,1.0,0.9333333333333333,0.1124441112772009,0.6666666666666666,1.0,0.04444444444444444,0.11524863454725345,0.0,0.3333333333333333,0.4,0.6746646676632054,0.0,2.0,2.433333333333333,2.872981550324636,0.0,11.0,49.166666666666664,20.217921946038174,40.0,140.0,124.53133333333325,64.04619594794295,41.839999999999996,302.6349999999999,0.09890856147317321,0.07271807795182161,0.08,0.40353765809382824
NPConformal_SpecificityControlled_MarginFamily,q90_alpha0.05_add0.080,30,0.9001394654727989,0.08624078461598603,0.6,1.0,0.977437208524165,0.0357495463243664,0.8888888888888888,1.0,0.892962709804815,0.11224601461584853,0.5263157894736842,1.0,0.9291417047445947,0.06903351448288354,0.6666666666666666,1.0,0.9277777777777777,0.11315175898739381,0.6666666666666666,1.0,0.04444444444444444,0.11524863454725345,0.0,0.3333333333333333,0.43333333333333335,0.6789105539243627,0.0,2.0,2.1666666666666665,2.19848432637882,0.0,9.0,46.66833333333333,11.24722558381992,40.0,65.05,120.23399999999991,53.6446621601429,41.839999999999996,247.5000000000001,0.0890965451539421,0.03494635205814985,0.08,0.2346468307367266
NPConformal_SpecificityControlled_MarginFamily,q90_alpha0.10_add0.080,30,0.9001394654727989,0.08624078461598603,0.6,1.0,0.977437208524165,0.0357495463243664,0.8888888888888888,1.0,0.892962709804815,0.11224601461584853,0.5263157894736842,1.0,0.9291417047445947,0.06903351448288354,0.6666666666666666,1.0,0.9277777777777777,0.11315175898739381,0.6666666666666666,1.0,0.04444444444444444,0.11524863454725345,0.0,0.3333333333333333,0.43333333333333335,0.6789105539243627,0.0,2.0,2.1666666666666665,2.19848432637882,0.0,9.0,46.66833333333333,11.24722558381992,40.0,65.05,120.23399999999991,53.6446621601429,41.839999999999996,247.5000000000001,0.0890965451539421,0.03494635205814985,0.08,0.2346468307367266
NPConformal_SpecificityControlled_MarginFamily,q90_alpha0.20_add0.080,30,0.9001394654727989,0.08624078461598603,0.6,1.0,0.977437208524165,0.0357495463243664,0.8888888888888888,1.0,0.892962709804815,0.11224601461584853,0.5263157894736842,1.0,0.9291417047445947,0.06903351448288354,0.6666666666666666,1.0,0.9277777777777777,0.11315175898739381,0.6666666666666666,1.0,0.04444444444444444,0.11524863454725345,0.0,0.3333333333333333,0.43333333333333335,0.6789105539243627,0.0,2.0,2.1666666666666665,2.19848432637882,0.0,9.0,46.66833333333333,11.24722558381992,40.0,65.05,120.23399999999991,53.6446621601429,41.839999999999996,247.5000000000001,0.0890965451539421,0.03494635205814985,0.08,0.2346468307367266
NPConformal_SpecificityControlled_MarginFamily,q95_alpha0.05_add0.080,30,0.896139465472799,0.09812732522484939,0.52,1.0,0.9767638078507643,0.03724053039528638,0.8888888888888888,1.0,0.8876995519100782,0.1275792964879131,0.42105263157894735,1.0,0.9247676066204965,0.08382956322795392,0.5714285714285714,1.0,0.9277777777777777,0.11315175898739381,0.6666666666666666,1.0,0.04444444444444444,0.11524863454725345,0.0,0.3333333333333333,0.43333333333333335,0.6789105539243627,0.0,2.0,2.2666666666666666,2.4765567494675618,0.0,11.0,46.666666666666664,11.24441112772009,40.0,65.0,118.86349999999992,53.877264895987615,41.839999999999996,247.5000000000001,0.09400255331355765,0.05383188809882109,0.08,0.3190922444152774
NPConformal_SpecificityControlled_MarginFamily,q95_alpha0.10_add0.080,30,0.896139465472799,0.09812732522484939,0.52,1.0,0.9767638078507643,0.03724053039528638,0.8888888888888888,1.0,0.8876995519100782,0.1275792964879131,0.42105263157894735,1.0,0.9247676066204965,0.08382956322795392,0.5714285714285714,1.0,0.9277777777777777,0.11315175898739381,0.6666666666666666,1.0,0.04444444444444444,0.11524863454725345,0.0,0.3333333333333333,0.43333333333333335,0.6789105539243627,0.0,2.0,2.2666666666666666,2.4765567494675618,0.0,11.0,46.666666666666664,11.24441112772009,40.0,65.0,118.86349999999992,53.877264895987615,41.839999999999996,247.5000000000001,0.09400255331355765,0.05383188809882109,0.08,0.3190922444152774
NPConformal_SpecificityControlled_MarginFamily,q95_alpha0.20_add0.080,30,0.896139465472799,0.09812732522484939,0.52,1.0,0.9767638078507643,0.03724053039528638,0.8888888888888888,1.0,0.8876995519100782,0.1275792964879131,0.42105263157894735,1.0,0.9247676066204965,0.08382956322795392,0.5714285714285714,1.0,0.9277777777777777,0.11315175898739381,0.6666666666666666,1.0,0.04444444444444444,0.11524863454725345,0.0,0.3333333333333333,0.43333333333333335,0.6789105539243627,0.0,2.0,2.2666666666666666,2.4765567494675618,0.0,11.0,46.666666666666664,11.24441112772009,40.0,65.0,118.86349999999992,53.877264895987615,41.839999999999996,247.5000000000001,0.09400255331355765,0.05383188809882109,0.08,0.3190922444152774
NPConformal_SpecificityControlled_MarginFamily,conformal_alpha0.05_add0.050,30,0.9149021842355176,0.09323326932406131,0.56,1.0,0.9776321402980442,0.03526269766571162,0.8947368421052632,1.0,0.9131878939773677,0.12737592136900378,0.42105263157894735,1.0,0.937951091131774,0.08292134713102464,0.5925925925925926,1.0,0.9199999999999999,0.127035156686969,0.6,1.0,0.04444444444444444,0.11524863454725345,0.0,0.3333333333333333,0.4666666666666667,0.7302967433402214,0.0,2.0,1.7333333333333334,2.4344274032324713,0.0,11.0,46.675,19.61997904143139,40.0,140.0,113.80316666666657,53.19082866699495,40.1,247.5000000000001,0.0689085614731732,0.07271807795182161,0.05,0.3735376580938282
NPConformal_SpecificityControlled_MarginFamily,conformal_alpha0.10_add0.050,30,0.9149021842355176,0.09323326932406131,0.56,1.0,0.9776321402980442,0.03526269766571162,0.8947368421052632,1.0,0.9131878939773677,0.12737592136900378,0.42105263157894735,1.0,0.937951091131774,0.08292134713102464,0.5925925925925926,1.0,0.9199999999999999,0.127035156686969,0.6,1.0,0.04444444444444444,0.11524863454725345,0.0,0.3333333333333333,0.4666666666666667,0.7302967433402214,0.0,2.0,1.7333333333333334,2.4344274032324713,0.0,11.0,46.675,19.61997904143139,40.0,140.0,113.80316666666657,53.19082866699495,40.1,247.5000000000001,0.0689085614731732,0.07271807795182161,0.05,0.3735376580938282
NPConformal_SpecificityControlled_MarginFamily,conformal_alpha0.20_add0.050,30,0.9149021842355176,0.09323326932406131,0.56,1.0,0.9776321402980442,0.03526269766571162,0.8947368421052632,1.0,0.9131878939773677,0.12737592136900378,0.42105263157894735,1.0,0.937951091131774,0.08292134713102464,0.5925925925925926,1.0,0.9199999999999999,0.127035156686969,0.6,1.0,0.04444444444444444,0.11524863454725345,0.0,0.3333333333333333,0.4666666666666667,0.7302967433402214,0.0,2.0,1.7333333333333334,2.4344274032324713,0.0,11.0,46.675,19.61997904143139,40.0,140.0,113.80316666666657,53.19082866699495,40.1,247.5000000000001,0.0689085614731732,0.07271807795182161,0.05,0.3735376580938282
NPConformal_SpecificityControlled_MarginFamily,max_alpha0.05_add0.050,30,0.9149021842355176,0.09323326932406131,0.56,1.0,0.9776321402980442,0.03526269766571162,0.8947368421052632,1.0,0.9131878939773677,0.12737592136900378,0.42105263157894735,1.0,0.937951091131774,0.08292134713102464,0.5925925925925926,1.0,0.9199999999999999,0.127035156686969,0.6,1.0,0.04444444444444444,0.11524863454725345,0.0,0.3333333333333333,0.4666666666666667,0.7302967433402214,0.0,2.0,1.7333333333333334,2.4344274032324713,0.0,11.0,46.675,19.61997904143139,40.0,140.0,113.80316666666657,53.19082866699495,40.1,247.5000000000001,0.0689085614731732,0.07271807795182161,0.05,0.3735376580938282
NPConformal_SpecificityControlled_MarginFamily,max_alpha0.10_add0.050,30,0.9149021842355176,0.09323326932406131,0.56,1.0,0.9776321402980442,0.03526269766571162,0.8947368421052632,1.0,0.9131878939773677,0.12737592136900378,0.42105263157894735,1.0,0.937951091131774,0.08292134713102464,0.5925925925925926,1.0,0.9199999999999999,0.127035156686969,0.6,1.0,0.04444444444444444,0.11524863454725345,0.0,0.3333333333333333,0.4666666666666667,0.7302967433402214,0.0,2.0,1.7333333333333334,2.4344274032324713,0.0,11.0,46.675,19.61997904143139,40.0,140.0,113.80316666666657,53.19082866699495,40.1,247.5000000000001,0.0689085614731732,0.07271807795182161,0.05,0.3735376580938282
NPConformal_SpecificityControlled_MarginFamily,max_alpha0.20_add0.050,30,0.9149021842355176,0.09323326932406131,0.56,1.0,0.9776321402980442,0.03526269766571162,0.8947368421052632,1.0,0.9131878939773677,0.12737592136900378,0.42105263157894735,1.0,0.937951091131774,0.08292134713102464,0.5925925925925926,1.0,0.9199999999999999,0.127035156686969,0.6,1.0,0.04444444444444444,0.11524863454725345,0.0,0.3333333333333333,0.4666666666666667,0.7302967433402214,0.0,2.0,1.7333333333333334,2.4344274032324713,0.0,11.0,46.675,19.61997904143139,40.0,140.0,113.80316666666657,53.19082866699495,40.1,247.5000000000001,0.0689085614731732,0.07271807795182161,0.05,0.3735376580938282
NPConformal_SpecificityControlled_MarginFamily,q95_alpha0.05_add0.050,30,0.9189021842355178,0.0850201413338103,0.56,1.0,0.9742988069647108,0.037716443079960735,0.8947368421052632,1.0,0.9202054378370168,0.10817996450407243,0.47368421052631576,1.0,0.9427260437228184,0.07101156955856237,0.6206896551724138,1.0,0.9144444444444445,0.12706028777916265,0.6,1.0,0.04444444444444444,0.11524863454725345,0.0,0.3333333333333333,0.5,0.7310832774866962,0.0,2.0,1.6,2.0777972421076956,0.0,10.0,44.175,9.472489659262108,40.0,65.0,109.70133333333325,48.413318734822774,40.1,247.5000000000001,0.06400255331355766,0.053831888098821105,0.05,0.2890922444152774
NPConformal_SpecificityControlled_MarginFamily,q95_alpha0.10_add0.050,30,0.9189021842355178,0.0850201413338103,0.56,1.0,0.9742988069647108,0.037716443079960735,0.8947368421052632,1.0,0.9202054378370168,0.10817996450407243,0.47368421052631576,1.0,0.9427260437228184,0.07101156955856237,0.6206896551724138,1.0,0.9144444444444445,0.12706028777916265,0.6,1.0,0.04444444444444444,0.11524863454725345,0.0,0.3333333333333333,0.5,0.7310832774866962,0.0,2.0,1.6,2.0777972421076956,0.0,10.0,44.175,9.472489659262108,40.0,65.0,109.70133333333325,48.413318734822774,40.1,247.5000000000001,0.06400255331355766,0.053831888098821105,0.05,0.2890922444152774
NPConformal_SpecificityControlled_MarginFamily,q95_alpha0.20_add0.050,30,0.9189021842355178,0.0850201413338103,0.56,1.0,0.9742988069647108,0.037716443079960735,0.8947368421052632,1.0,0.9202054378370168,0.10817996450407243,0.47368421052631576,1.0,0.9427260437228184,0.07101156955856237,0.6206896551724138,1.0,0.9144444444444445,0.12706028777916265,0.6,1.0,0.04444444444444444,0.11524863454725345,0.0,0.3333333333333333,0.5,0.7310832774866962,0.0,2.0,1.6,2.0777972421076956,0.0,10.0,44.175,9.472489659262108,40.0,65.0,109.70133333333325,48.413318734822774,40.1,247.5000000000001,0.06400255331355766,0.053831888098821105,0.05,0.2890922444152774
NPConformal_SpecificityControlled_MarginFamily,q90_alpha0.05_add0.050,30,0.9229021842355177,0.07643067273876084,0.6,1.0,0.9727499854158893,0.03720580956703044,0.8947368421052632,1.0,0.9272229816966658,0.09481401858975193,0.5263157894736842,1.0,0.9466064131204293,0.06158023914616828,0.6666666666666666,1.0,0.908888888888889,0.12683392868690857,0.6,1.0,0.04444444444444444,0.11524863454725345,0.0,0.3333333333333333,0.5333333333333333,0.7302967433402215,0.0,2.0,1.4666666666666666,1.8332810859848754,0.0,9.0,44.17666666666666,9.476283766487184,40.0,65.05,109.44933333333324,48.44312660282647,40.1,247.5000000000001,0.0590965451539421,0.03494635205814986,0.05,0.20464683073672663
NPConformal_SpecificityControlled_MarginFamily,q90_alpha0.10_add0.050,30,0.9229021842355177,0.07643067273876084,0.6,1.0,0.9727499854158893,0.03720580956703044,0.8947368421052632,1.0,0.9272229816966658,0.09481401858975193,0.5263157894736842,1.0,0.9466064131204293,0.06158023914616828,0.6666666666666666,1.0,0.908888888888889,0.12683392868690857,0.6,1.0,0.04444444444444444,0.11524863454725345,0.0,0.3333333333333333,0.5333333333333333,0.7302967433402215,0.0,2.0,1.4666666666666666,1.8332810859848754,0.0,9.0,44.17666666666666,9.476283766487184,40.0,65.05,109.44933333333324,48.44312660282647,40.1,247.5000000000001,0.0590965451539421,0.03494635205814986,0.05,0.20464683073672663
NPConformal_SpecificityControlled_MarginFamily,q90_alpha0.20_add0.050,30,0.9229021842355177,0.07643067273876084,0.6,1.0,0.9727499854158893,0.03720580956703044,0.8947368421052632,1.0,0.9272229816966658,0.09481401858975193,0.5263157894736842,1.0,0.9466064131204293,0.06158023914616828,0.6666666666666666,1.0,0.908888888888889,0.12683392868690857,0.6,1.0,0.04444444444444444,0.11524863454725345,0.0,0.3333333333333333,0.5333333333333333,0.7302967433402215,0.0,2.0,1.4666666666666666,1.8332810859848754,0.0,9.0,44.17666666666666,9.476283766487184,40.0,65.05,109.44933333333324,48.44312660282647,40.1,247.5000000000001,0.0590965451539421,0.03494635205814986,0.05,0.20464683073672663
NPConformal_SpecificityControlled_MarginFamily,conformal_alpha0.05_add0.030,30,0.9238841405508074,0.08974253832979028,0.56,1.0,0.9745224721883761,0.03718252666872346,0.8947368421052632,1.0,0.9280447330447329,0.12137006847857809,0.42105263157894735,1.0,0.9448967215987258,0.07972067431778977,0.5925925925925926,1.0,0.9088888888888889,0.13417359754592686,0.6,1.0,0.06666666666666667,0.13561270072416207,0.0,0.3333333333333333,0.5333333333333333,0.7760791522613609,0.0,2.0,1.4333333333333333,2.3146211924130946,0.0,11.0,46.67666666666666,19.619407761691996,40.0,140.0,119.6039999999999,61.90339001635728,40.0,240.0,0.048908561473173205,0.07271807795182161,0.03,0.3535376580938282
NPConformal_SpecificityControlled_MarginFamily,conformal_alpha0.10_add0.030,30,0.9238841405508074,0.08974253832979028,0.56,1.0,0.9745224721883761,0.03718252666872346,0.8947368421052632,1.0,0.9280447330447329,0.12137006847857809,0.42105263157894735,1.0,0.9448967215987258,0.07972067431778977,0.5925925925925926,1.0,0.9088888888888889,0.13417359754592686,0.6,1.0,0.06666666666666667,0.13561270072416207,0.0,0.3333333333333333,0.5333333333333333,0.7760791522613609,0.0,2.0,1.4333333333333333,2.3146211924130946,0.0,11.0,46.67666666666666,19.619407761691996,40.0,140.0,119.6039999999999,61.90339001635728,40.0,240.0,0.048908561473173205,0.07271807795182161,0.03,0.3535376580938282
NPConformal_SpecificityControlled_MarginFamily,conformal_alpha0.20_add0.030,30,0.9238841405508074,0.08974253832979028,0.56,1.0,0.9745224721883761,0.03718252666872346,0.8947368421052632,1.0,0.9280447330447329,0.12137006847857809,0.42105263157894735,1.0,0.9448967215987258,0.07972067431778977,0.5925925925925926,1.0,0.9088888888888889,0.13417359754592686,0.6,1.0,0.06666666666666667,0.13561270072416207,0.0,0.3333333333333333,0.5333333333333333,0.7760791522613609,0.0,2.0,1.4333333333333333,2.3146211924130946,0.0,11.0,46.67666666666666,19.619407761691996,40.0,140.0,119.6039999999999,61.90339001635728,40.0,240.0,0.048908561473173205,0.07271807795182161,0.03,0.3535376580938282
NPConformal_SpecificityControlled_MarginFamily,max_alpha0.05_add0.030,30,0.9238841405508074,0.08974253832979028,0.56,1.0,0.9745224721883761,0.03718252666872346,0.8947368421052632,1.0,0.9280447330447329,0.12137006847857809,0.42105263157894735,1.0,0.9448967215987258,0.07972067431778977,0.5925925925925926,1.0,0.9088888888888889,0.13417359754592686,0.6,1.0,0.06666666666666667,0.13561270072416207,0.0,0.3333333333333333,0.5333333333333333,0.7760791522613609,0.0,2.0,1.4333333333333333,2.3146211924130946,0.0,11.0,46.67666666666666,19.619407761691996,40.0,140.0,119.6039999999999,61.90339001635728,40.0,240.0,0.048908561473173205,0.07271807795182161,0.03,0.3535376580938282
NPConformal_SpecificityControlled_MarginFamily,max_alpha0.10_add0.030,30,0.9238841405508074,0.08974253832979028,0.56,1.0,0.9745224721883761,0.03718252666872346,0.8947368421052632,1.0,0.9280447330447329,0.12137006847857809,0.42105263157894735,1.0,0.9448967215987258,0.07972067431778977,0.5925925925925926,1.0,0.9088888888888889,0.13417359754592686,0.6,1.0,0.06666666666666667,0.13561270072416207,0.0,0.3333333333333333,0.5333333333333333,0.7760791522613609,0.0,2.0,1.4333333333333333,2.3146211924130946,0.0,11.0,46.67666666666666,19.619407761691996,40.0,140.0,119.6039999999999,61.90339001635728,40.0,240.0,0.048908561473173205,0.07271807795182161,0.03,0.3535376580938282
NPConformal_SpecificityControlled_MarginFamily,max_alpha0.20_add0.030,30,0.9238841405508074,0.08974253832979028,0.56,1.0,0.9745224721883761,0.03718252666872346,0.8947368421052632,1.0,0.9280447330447329,0.12137006847857809,0.42105263157894735,1.0,0.9448967215987258,0.07972067431778977,0.5925925925925926,1.0,0.9088888888888889,0.13417359754592686,0.6,1.0,0.06666666666666667,0.13561270072416207,0.0,0.3333333333333333,0.5333333333333333,0.7760791522613609,0.0,2.0,1.4333333333333333,2.3146211924130946,0.0,11.0,46.67666666666666,19.619407761691996,40.0,140.0,119.6039999999999,61.90339001635728,40.0,240.0,0.048908561473173205,0.07271807795182161,0.03,0.3535376580938282
NPConformal_SpecificityControlled_MarginFamily,q95_alpha0.05_add0.030,30,0.9278841405508073,0.07864055693539165,0.6,1.0,0.9714921691580731,0.038707733935829235,0.8947368421052632,1.0,0.935062276904382,0.09803665226730054,0.5263157894736842,1.0,0.9498422340711201,0.06352351961224888,0.6666666666666666,1.0,0.9033333333333332,0.1337207016644762,0.6,1.0,0.06666666666666667,0.13561270072416207,0.0,0.3333333333333333,0.5666666666666667,0.7738543627276671,0.0,2.0,1.3,1.8781869467378778,0.0,9.0,44.17833333333333,9.47555551399761,40.0,65.05,115.47016666666657,59.479179412563816,40.0,240.0,0.044002553313557645,0.05383188809882109,0.03,0.2690922444152774
NPConformal_SpecificityControlled_MarginFamily,q95_alpha0.10_add0.030,30,0.9278841405508073,0.07864055693539165,0.6,1.0,0.9714921691580731,0.038707733935829235,0.8947368421052632,1.0,0.935062276904382,0.09803665226730054,0.5263157894736842,1.0,0.9498422340711201,0.06352351961224888,0.6666666666666666,1.0,0.9033333333333332,0.1337207016644762,0.6,1.0,0.06666666666666667,0.13561270072416207,0.0,0.3333333333333333,0.5666666666666667,0.7738543627276671,0.0,2.0,1.3,1.8781869467378778,0.0,9.0,44.17833333333333,9.47555551399761,40.0,65.05,115.47016666666657,59.479179412563816,40.0,240.0,0.044002553313557645,0.05383188809882109,0.03,0.2690922444152774
NPConformal_SpecificityControlled_MarginFamily,q95_alpha0.20_add0.030,30,0.9278841405508073,0.07864055693539165,0.6,1.0,0.9714921691580731,0.038707733935829235,0.8947368421052632,1.0,0.935062276904382,0.09803665226730054,0.5263157894736842,1.0,0.9498422340711201,0.06352351961224888,0.6666666666666666,1.0,0.9033333333333332,0.1337207016644762,0.6,1.0,0.06666666666666667,0.13561270072416207,0.0,0.3333333333333333,0.5666666666666667,0.7738543627276671,0.0,2.0,1.3,1.8781869467378778,0.0,9.0,44.17833333333333,9.47555551399761,40.0,65.05,115.47016666666657,59.479179412563816,40.0,240.0,0.044002553313557645,0.05383188809882109,0.03,0.2690922444152774
NPConformal_SpecificityControlled_MarginFamily,q90_alpha0.05_add0.030,30,0.930550807217474,0.07544602611428554,0.6,1.0,0.9696403173062211,0.03862568988844776,0.8947368421052632,1.0,0.9403254347991189,0.09101501387344572,0.5263157894736842,1.0,0.9521900364189225,0.06089546025350303,0.6666666666666666,1.0,0.8977777777777778,0.13302646679685462,0.6,1.0,0.06666666666666667,0.13561270072416207,0.0,0.3333333333333333,0.6,0.7701320979389588,0.0,2.0,1.2,1.749876842957024,0.0,9.0,44.17833333333333,9.47555551399761,40.0,65.05,115.80166666666658,59.35864382822806,40.0,240.0,0.03909654515394209,0.03494635205814985,0.03,0.1846468307367266
NPConformal_SpecificityControlled_MarginFamily,q90_alpha0.10_add0.030,30,0.930550807217474,0.07544602611428554,0.6,1.0,0.9696403173062211,0.03862568988844776,0.8947368421052632,1.0,0.9403254347991189,0.09101501387344572,0.5263157894736842,1.0,0.9521900364189225,0.06089546025350303,0.6666666666666666,1.0,0.8977777777777778,0.13302646679685462,0.6,1.0,0.06666666666666667,0.13561270072416207,0.0,0.3333333333333333,0.6,0.7701320979389588,0.0,2.0,1.2,1.749876842957024,0.0,9.0,44.17833333333333,9.47555551399761,40.0,65.05,115.80166666666658,59.35864382822806,40.0,240.0,0.03909654515394209,0.03494635205814985,0.03,0.1846468307367266
NPConformal_SpecificityControlled_MarginFamily,q90_alpha0.20_add0.030,30,0.930550807217474,0.07544602611428554,0.6,1.0,0.9696403173062211,0.03862568988844776,0.8947368421052632,1.0,0.9403254347991189,0.09101501387344572,0.5263157894736842,1.0,0.9521900364189225,0.06089546025350303,0.6666666666666666,1.0,0.8977777777777778,0.13302646679685462,0.6,1.0,0.06666666666666667,0.13561270072416207,0.0,0.3333333333333333,0.6,0.7701320979389588,0.0,2.0,1.2,1.749876842957024,0.0,9.0,44.17833333333333,9.47555551399761,40.0,65.05,115.80166666666658,59.35864382822806,40.0,240.0,0.03909654515394209,0.03494635205814985,0.03,0.1846468307367266
NPConformal_SpecificityControlled_MarginFamily,conformal_alpha0.05_add0.010,30,0.9265470085470086,0.08475658827037161,0.56,1.0,0.9716676077545643,0.03645354463674484,0.9,1.0,0.9347197539302801,0.11624258347894408,0.42105263157894735,1.0,0.9473519663909723,0.07611751061224842,0.5925925925925926,1.0,0.8966666666666667,0.1337207016644762,0.6,1.0,0.08333333333333333,0.15628591541249595,0.0,0.5,0.6,0.7701320979389588,0.0,2.0,1.3,2.2151515866242963,0.0,11.0,44.18,9.474836000764304,40.0,65.05,103.37866666666659,56.47229670123791,40.0,240.0,0.028908561473173205,0.07271807795182161,0.01,0.33353765809382824
NPConformal_SpecificityControlled_MarginFamily,conformal_alpha0.05_add0.020,30,0.9265470085470086,0.08475658827037161,0.56,1.0,0.9716676077545643,0.03645354463674484,0.9,1.0,0.9347197539302801,0.11624258347894408,0.42105263157894735,1.0,0.9473519663909723,0.07611751061224842,0.5925925925925926,1.0,0.8966666666666667,0.1337207016644762,0.6,1.0,0.08333333333333333,0.15628591541249595,0.0,0.5,0.6,0.7701320979389588,0.0,2.0,1.3,2.2151515866242963,0.0,11.0,44.18333333333333,9.48244597185744,40.0,65.15,109.41716666666662,61.69301144799943,40.0,240.0,0.0389085614731732,0.07271807795182161,0.02,0.34353765809382825
NPConformal_SpecificityControlled_MarginFamily,conformal_alpha0.10_add0.010,30,0.9265470085470086,0.08475658827037161,0.56,1.0,0.9716676077545643,0.03645354463674484,0.9,1.0,0.9347197539302801,0.11624258347894408,0.42105263157894735,1.0,0.9473519663909723,0.07611751061224842,0.5925925925925926,1.0,0.8966666666666667,0.1337207016644762,0.6,1.0,0.08333333333333333,0.15628591541249595,0.0,0.5,0.6,0.7701320979389588,0.0,2.0,1.3,2.2151515866242963,0.0,11.0,44.18,9.474836000764304,40.0,65.05,103.37866666666659,56.47229670123791,40.0,240.0,0.028908561473173205,0.07271807795182161,0.01,0.33353765809382824
NPConformal_SpecificityControlled_MarginFamily,conformal_alpha0.10_add0.020,30,0.9265470085470086,0.08475658827037161,0.56,1.0,0.9716676077545643,0.03645354463674484,0.9,1.0,0.9347197539302801,0.11624258347894408,0.42105263157894735,1.0,0.9473519663909723,0.07611751061224842,0.5925925925925926,1.0,0.8966666666666667,0.1337207016644762,0.6,1.0,0.08333333333333333,0.15628591541249595,0.0,0.5,0.6,0.7701320979389588,0.0,2.0,1.3,2.2151515866242963,0.0,11.0,44.18333333333333,9.48244597185744,40.0,65.15,109.41716666666662,61.69301144799943,40.0,240.0,0.0389085614731732,0.07271807795182161,0.02,0.34353765809382825
NPConformal_SpecificityControlled_MarginFamily,conformal_alpha0.20_add0.010,30,0.9265470085470086,0.08475658827037161,0.56,1.0,0.9716676077545643,0.03645354463674484,0.9,1.0,0.9347197539302801,0.11624258347894408,0.42105263157894735,1.0,0.9473519663909723,0.07611751061224842,0.5925925925925926,1.0,0.8966666666666667,0.1337207016644762,0.6,1.0,0.08333333333333333,0.15628591541249595,0.0,0.5,0.6,0.7701320979389588,0.0,2.0,1.3,2.2151515866242963,0.0,11.0,44.18,9.474836000764304,40.0,65.05,103.37866666666659,56.47229670123791,40.0,240.0,0.028908561473173205,0.07271807795182161,0.01,0.33353765809382824
NPConformal_SpecificityControlled_MarginFamily,conformal_alpha0.20_add0.020,30,0.9265470085470086,0.08475658827037161,0.56,1.0,0.9716676077545643,0.03645354463674484,0.9,1.0,0.9347197539302801,0.11624258347894408,0.42105263157894735,1.0,0.9473519663909723,0.07611751061224842,0.5925925925925926,1.0,0.8966666666666667,0.1337207016644762,0.6,1.0,0.08333333333333333,0.15628591541249595,0.0,0.5,0.6,0.7701320979389588,0.0,2.0,1.3,2.2151515866242963,0.0,11.0,44.18333333333333,9.48244597185744,40.0,65.15,109.41716666666662,61.69301144799943,40.0,240.0,0.0389085614731732,0.07271807795182161,0.02,0.34353765809382825
NPConformal_SpecificityControlled_MarginFamily,max_alpha0.05_add0.010,30,0.9265470085470086,0.08475658827037161,0.56,1.0,0.9716676077545643,0.03645354463674484,0.9,1.0,0.9347197539302801,0.11624258347894408,0.42105263157894735,1.0,0.9473519663909723,0.07611751061224842,0.5925925925925926,1.0,0.8966666666666667,0.1337207016644762,0.6,1.0,0.08333333333333333,0.15628591541249595,0.0,0.5,0.6,0.7701320979389588,0.0,2.0,1.3,2.2151515866242963,0.0,11.0,44.18,9.474836000764304,40.0,65.05,103.37866666666659,56.47229670123791,40.0,240.0,0.028908561473173205,0.07271807795182161,0.01,0.33353765809382824
NPConformal_SpecificityControlled_MarginFamily,max_alpha0.05_add0.020,30,0.9265470085470086,0.08475658827037161,0.56,1.0,0.9716676077545643,0.03645354463674484,0.9,1.0,0.9347197539302801,0.11624258347894408,0.42105263157894735,1.0,0.9473519663909723,0.07611751061224842,0.5925925925925926,1.0,0.8966666666666667,0.1337207016644762,0.6,1.0,0.08333333333333333,0.15628591541249595,0.0,0.5,0.6,0.7701320979389588,0.0,2.0,1.3,2.2151515866242963,0.0,11.0,44.18333333333333,9.48244597185744,40.0,65.15,109.41716666666662,61.69301144799943,40.0,240.0,0.0389085614731732,0.07271807795182161,0.02,0.34353765809382825
NPConformal_SpecificityControlled_MarginFamily,max_alpha0.10_add0.010,30,0.9265470085470086,0.08475658827037161,0.56,1.0,0.9716676077545643,0.03645354463674484,0.9,1.0,0.9347197539302801,0.11624258347894408,0.42105263157894735,1.0,0.9473519663909723,0.07611751061224842,0.5925925925925926,1.0,0.8966666666666667,0.1337207016644762,0.6,1.0,0.08333333333333333,0.15628591541249595,0.0,0.5,0.6,0.7701320979389588,0.0,2.0,1.3,2.2151515866242963,0.0,11.0,44.18,9.474836000764304,40.0,65.05,103.37866666666659,56.47229670123791,40.0,240.0,0.028908561473173205,0.07271807795182161,0.01,0.33353765809382824
NPConformal_SpecificityControlled_MarginFamily,max_alpha0.10_add0.020,30,0.9265470085470086,0.08475658827037161,0.56,1.0,0.9716676077545643,0.03645354463674484,0.9,1.0,0.9347197539302801,0.11624258347894408,0.42105263157894735,1.0,0.9473519663909723,0.07611751061224842,0.5925925925925926,1.0,0.8966666666666667,0.1337207016644762,0.6,1.0,0.08333333333333333,0.15628591541249595,0.0,0.5,0.6,0.7701320979389588,0.0,2.0,1.3,2.2151515866242963,0.0,11.0,44.18333333333333,9.48244597185744,40.0,65.15,109.41716666666662,61.69301144799943,40.0,240.0,0.0389085614731732,0.07271807795182161,0.02,0.34353765809382825
NPConformal_SpecificityControlled_MarginFamily,max_alpha0.20_add0.010,30,0.9265470085470086,0.08475658827037161,0.56,1.0,0.9716676077545643,0.03645354463674484,0.9,1.0,0.9347197539302801,0.11624258347894408,0.42105263157894735,1.0,0.9473519663909723,0.07611751061224842,0.5925925925925926,1.0,0.8966666666666667,0.1337207016644762,0.6,1.0,0.08333333333333333,0.15628591541249595,0.0,0.5,0.6,0.7701320979389588,0.0,2.0,1.3,2.2151515866242963,0.0,11.0,44.18,9.474836000764304,40.0,65.05,103.37866666666659,56.47229670123791,40.0,240.0,0.028908561473173205,0.07271807795182161,0.01,0.33353765809382824
NPConformal_SpecificityControlled_MarginFamily,max_alpha0.20_add0.020,30,0.9265470085470086,0.08475658827037161,0.56,1.0,0.9716676077545643,0.03645354463674484,0.9,1.0,0.9347197539302801,0.11624258347894408,0.42105263157894735,1.0,0.9473519663909723,0.07611751061224842,0.5925925925925926,1.0,0.8966666666666667,0.1337207016644762,0.6,1.0,0.08333333333333333,0.15628591541249595,0.0,0.5,0.6,0.7701320979389588,0.0,2.0,1.3,2.2151515866242963,0.0,11.0,44.18333333333333,9.48244597185744,40.0,65.15,109.41716666666662,61.69301144799943,40.0,240.0,0.0389085614731732,0.07271807795182161,0.02,0.34353765809382825
NPConformal_SpecificityControlled_MarginFamily,q95_alpha0.05_add0.010,30,0.931880341880342,0.07291429128480338,0.6,1.0,0.9686373047242612,0.03777182093815628,0.9,1.0,0.9434916837548415,0.0906512570992762,0.5263157894736842,1.0,0.9532139593362986,0.05954709720071669,0.6666666666666666,1.0,0.8911111111111112,0.1327381351231222,0.6,1.0,0.08333333333333333,0.15628591541249595,0.0,0.5,0.6333333333333333,0.7648904962570575,0.0,2.0,1.1333333333333333,1.7366899418212192,0.0,9.0,44.18,9.474836000764304,40.0,65.05,104.29499999999992,56.21816746789492,40.0,240.0,0.024002553313557645,0.053831888098821105,0.01,0.24909224441527741
NPConformal_SpecificityControlled_MarginFamily,q95_alpha0.10_add0.010,30,0.931880341880342,0.07291429128480338,0.6,1.0,0.9686373047242612,0.03777182093815628,0.9,1.0,0.9434916837548415,0.0906512570992762,0.5263157894736842,1.0,0.9532139593362986,0.05954709720071669,0.6666666666666666,1.0,0.8911111111111112,0.1327381351231222,0.6,1.0,0.08333333333333333,0.15628591541249595,0.0,0.5,0.6333333333333333,0.7648904962570575,0.0,2.0,1.1333333333333333,1.7366899418212192,0.0,9.0,44.18,9.474836000764304,40.0,65.05,104.29499999999992,56.21816746789492,40.0,240.0,0.024002553313557645,0.053831888098821105,0.01,0.24909224441527741
NPConformal_SpecificityControlled_MarginFamily,q95_alpha0.20_add0.010,30,0.931880341880342,0.07291429128480338,0.6,1.0,0.9686373047242612,0.03777182093815628,0.9,1.0,0.9434916837548415,0.0906512570992762,0.5263157894736842,1.0,0.9532139593362986,0.05954709720071669,0.6666666666666666,1.0,0.8911111111111112,0.1327381351231222,0.6,1.0,0.08333333333333333,0.15628591541249595,0.0,0.5,0.6333333333333333,0.7648904962570575,0.0,2.0,1.1333333333333333,1.7366899418212192,0.0,9.0,44.18,9.474836000764304,40.0,65.05,104.29499999999992,56.21816746789492,40.0,240.0,0.024002553313557645,0.053831888098821105,0.01,0.24909224441527741
NPConformal_SpecificityControlled_MarginFamily,q95_alpha0.05_add0.020,30,0.9292136752136753,0.07626312068027033,0.6,1.0,0.9686373047242612,0.03777182093815628,0.9,1.0,0.939982911825017,0.09655574762662474,0.5263157894736842,1.0,0.9510205971429364,0.06218390412417008,0.6666666666666666,1.0,0.8911111111111112,0.1327381351231222,0.6,1.0,0.08333333333333333,0.15628591541249595,0.0,0.5,0.6333333333333333,0.7648904962570575,0.0,2.0,1.2,1.8457780342511767,0.0,9.0,44.18,9.474836000764304,40.0,65.05,109.91683333333327,61.46464762552443,40.0,240.0,0.03400255331355764,0.05383188809882109,0.02,0.2590922444152774
NPConformal_SpecificityControlled_MarginFamily,q95_alpha0.10_add0.020,30,0.9292136752136753,0.07626312068027033,0.6,1.0,0.9686373047242612,0.03777182093815628,0.9,1.0,0.939982911825017,0.09655574762662474,0.5263157894736842,1.0,0.9510205971429364,0.06218390412417008,0.6666666666666666,1.0,0.8911111111111112,0.1327381351231222,0.6,1.0,0.08333333333333333,0.15628591541249595,0.0,0.5,0.6333333333333333,0.7648904962570575,0.0,2.0,1.2,1.8457780342511767,0.0,9.0,44.18,9.474836000764304,40.0,65.05,109.91683333333327,61.46464762552443,40.0,240.0,0.03400255331355764,0.05383188809882109,0.02,0.2590922444152774
NPConformal_SpecificityControlled_MarginFamily,q95_alpha0.20_add0.020,30,0.9292136752136753,0.07626312068027033,0.6,1.0,0.9686373047242612,0.03777182093815628,0.9,1.0,0.939982911825017,0.09655574762662474,0.5263157894736842,1.0,0.9510205971429364,0.06218390412417008,0.6666666666666666,1.0,0.8911111111111112,0.1327381351231222,0.6,1.0,0.08333333333333333,0.15628591541249595,0.0,0.5,0.6333333333333333,0.7648904962570575,0.0,2.0,1.2,1.8457780342511767,0.0,9.0,44.18,9.474836000764304,40.0,65.05,109.91683333333327,61.46464762552443,40.0,240.0,0.03400255331355764,0.05383188809882109,0.02,0.2590922444152774
NPConformal_SpecificityControlled_MarginFamily,conformal_alpha0.05_add0.005,30,0.9290195360195361,0.08533571189938446,0.56,1.0,0.9702904824643955,0.0361166397318144,0.9,1.0,0.9394167236272499,0.11727195918447446,0.42105263157894735,1.0,0.9490515501835795,0.07651879782548203,0.5925925925925926,1.0,0.89,0.1333764298167084,0.6,1.0,0.08333333333333333,0.15628591541249595,0.0,0.5,0.6333333333333333,0.7648904962570575,0.0,2.0,1.2,2.2345253295221026,0.0,11.0,44.18,9.474836000764304,40.0,65.05,112.1701666666666,66.05936411319925,40.0,247.5000000000001,0.023908561473173204,0.07271807795182161,0.005,0.32853765809382823
NPConformal_SpecificityControlled_MarginFamily,conformal_alpha0.10_add0.005,30,0.9290195360195361,0.08533571189938446,0.56,1.0,0.9702904824643955,0.0361166397318144,0.9,1.0,0.9394167236272499,0.11727195918447446,0.42105263157894735,1.0,0.9490515501835795,0.07651879782548203,0.5925925925925926,1.0,0.89,0.1333764298167084,0.6,1.0,0.08333333333333333,0.15628591541249595,0.0,0.5,0.6333333333333333,0.7648904962570575,0.0,2.0,1.2,2.2345253295221026,0.0,11.0,44.18,9.474836000764304,40.0,65.05,112.1701666666666,66.05936411319925,40.0,247.5000000000001,0.023908561473173204,0.07271807795182161,0.005,0.32853765809382823
NPConformal_SpecificityControlled_MarginFamily,conformal_alpha0.20_add0.005,30,0.9290195360195361,0.08533571189938446,0.56,1.0,0.9702904824643955,0.0361166397318144,0.9,1.0,0.9394167236272499,0.11727195918447446,0.42105263157894735,1.0,0.9490515501835795,0.07651879782548203,0.5925925925925926,1.0,0.89,0.1333764298167084,0.6,1.0,0.08333333333333333,0.15628591541249595,0.0,0.5,0.6333333333333333,0.7648904962570575,0.0,2.0,1.2,2.2345253295221026,0.0,11.0,44.18,9.474836000764304,40.0,65.05,112.1701666666666,66.05936411319925,40.0,247.5000000000001,0.023908561473173204,0.07271807795182161,0.005,0.32853765809382823
NPConformal_SpecificityControlled_MarginFamily,max_alpha0.05_add0.005,30,0.9290195360195361,0.08533571189938446,0.56,1.0,0.9702904824643955,0.0361166397318144,0.9,1.0,0.9394167236272499,0.11727195918447446,0.42105263157894735,1.0,0.9490515501835795,0.07651879782548203,0.5925925925925926,1.0,0.89,0.1333764298167084,0.6,1.0,0.08333333333333333,0.15628591541249595,0.0,0.5,0.6333333333333333,0.7648904962570575,0.0,2.0,1.2,2.2345253295221026,0.0,11.0,44.18,9.474836000764304,40.0,65.05,112.1701666666666,66.05936411319925,40.0,247.5000000000001,0.023908561473173204,0.07271807795182161,0.005,0.32853765809382823
NPConformal_SpecificityControlled_MarginFamily,max_alpha0.10_add0.005,30,0.9290195360195361,0.08533571189938446,0.56,1.0,0.9702904824643955,0.0361166397318144,0.9,1.0,0.9394167236272499,0.11727195918447446,0.42105263157894735,1.0,0.9490515501835795,0.07651879782548203,0.5925925925925926,1.0,0.89,0.1333764298167084,0.6,1.0,0.08333333333333333,0.15628591541249595,0.0,0.5,0.6333333333333333,0.7648904962570575,0.0,2.0,1.2,2.2345253295221026,0.0,11.0,44.18,9.474836000764304,40.0,65.05,112.1701666666666,66.05936411319925,40.0,247.5000000000001,0.023908561473173204,0.07271807795182161,0.005,0.32853765809382823
NPConformal_SpecificityControlled_MarginFamily,max_alpha0.20_add0.005,30,0.9290195360195361,0.08533571189938446,0.56,1.0,0.9702904824643955,0.0361166397318144,0.9,1.0,0.9394167236272499,0.11727195918447446,0.42105263157894735,1.0,0.9490515501835795,0.07651879782548203,0.5925925925925926,1.0,0.89,0.1333764298167084,0.6,1.0,0.08333333333333333,0.15628591541249595,0.0,0.5,0.6333333333333333,0.7648904962570575,0.0,2.0,1.2,2.2345253295221026,0.0,11.0,44.18,9.474836000764304,40.0,65.05,112.1701666666666,66.05936411319925,40.0,247.5000000000001,0.023908561473173204,0.07271807795182161,0.005,0.32853765809382823
NPConformal_SpecificityControlled_MarginFamily,q90_alpha0.05_add0.010,30,0.931880341880342,0.07291429128480338,0.6,1.0,0.9667854528724094,0.03754234318723866,0.9,1.0,0.9452460697197539,0.08911777449476448,0.5263157894736842,1.0,0.9533683994907387,0.05944857898234658,0.6666666666666666,1.0,0.8855555555555555,0.13150567294942053,0.6,1.0,0.08333333333333333,0.15628591541249595,0.0,0.5,0.6666666666666666,0.7580980435789034,0.0,2.0,1.1,1.7090025322311297,0.0,9.0,44.17833333333333,9.471041920373452,40.0,65.0,103.12799999999993,55.92823032768166,40.0,240.0,0.019096545153942088,0.03494635205814986,0.01,0.16464683073672662
NPConformal_SpecificityControlled_MarginFamily,q90_alpha0.05_add0.020,30,0.931880341880342,0.07291429128480338,0.6,1.0,0.9667854528724094,0.03754234318723866,0.9,1.0,0.9452460697197539,0.08911777449476448,0.5263157894736842,1.0,0.9533683994907387,0.05944857898234658,0.6666666666666666,1.0,0.8855555555555555,0.13150567294942053,0.6,1.0,0.08333333333333333,0.15628591541249595,0.0,0.5,0.6666666666666666,0.7580980435789034,0.0,2.0,1.1,1.7090025322311297,0.0,9.0,44.18,9.474836000764304,40.0,65.05,109.91499999999994,61.46371849619343,40.0,240.0,0.029096545153942086,0.03494635205814985,0.02,0.1746468307367266
NPConformal_SpecificityControlled_MarginFamily,q90_alpha0.10_add0.010,30,0.931880341880342,0.07291429128480338,0.6,1.0,0.9667854528724094,0.03754234318723866,0.9,1.0,0.9452460697197539,0.08911777449476448,0.5263157894736842,1.0,0.9533683994907387,0.05944857898234658,0.6666666666666666,1.0,0.8855555555555555,0.13150567294942053,0.6,1.0,0.08333333333333333,0.15628591541249595,0.0,0.5,0.6666666666666666,0.7580980435789034,0.0,2.0,1.1,1.7090025322311297,0.0,9.0,44.17833333333333,9.471041920373452,40.0,65.0,103.12799999999993,55.92823032768166,40.0,240.0,0.019096545153942088,0.03494635205814986,0.01,0.16464683073672662
NPConformal_SpecificityControlled_MarginFamily,q90_alpha0.10_add0.020,30,0.931880341880342,0.07291429128480338,0.6,1.0,0.9667854528724094,0.03754234318723866,0.9,1.0,0.9452460697197539,0.08911777449476448,0.5263157894736842,1.0,0.9533683994907387,0.05944857898234658,0.6666666666666666,1.0,0.8855555555555555,0.13150567294942053,0.6,1.0,0.08333333333333333,0.15628591541249595,0.0,0.5,0.6666666666666666,0.7580980435789034,0.0,2.0,1.1,1.7090025322311297,0.0,9.0,44.18,9.474836000764304,40.0,65.05,109.91499999999994,61.46371849619343,40.0,240.0,0.029096545153942086,0.03494635205814985,0.02,0.1746468307367266
NPConformal_SpecificityControlled_MarginFamily,q90_alpha0.20_add0.010,30,0.931880341880342,0.07291429128480338,0.6,1.0,0.9667854528724094,0.03754234318723866,0.9,1.0,0.9452460697197539,0.08911777449476448,0.5263157894736842,1.0,0.9533683994907387,0.05944857898234658,0.6666666666666666,1.0,0.8855555555555555,0.13150567294942053,0.6,1.0,0.08333333333333333,0.15628591541249595,0.0,0.5,0.6666666666666666,0.7580980435789034,0.0,2.0,1.1,1.7090025322311297,0.0,9.0,44.17833333333333,9.471041920373452,40.0,65.0,103.12799999999993,55.92823032768166,40.0,240.0,0.019096545153942088,0.03494635205814986,0.01,0.16464683073672662
NPConformal_SpecificityControlled_MarginFamily,q90_alpha0.20_add0.020,30,0.931880341880342,0.07291429128480338,0.6,1.0,0.9667854528724094,0.03754234318723866,0.9,1.0,0.9452460697197539,0.08911777449476448,0.5263157894736842,1.0,0.9533683994907387,0.05944857898234658,0.6666666666666666,1.0,0.8855555555555555,0.13150567294942053,0.6,1.0,0.08333333333333333,0.15628591541249595,0.0,0.5,0.6666666666666666,0.7580980435789034,0.0,2.0,1.1,1.7090025322311297,0.0,9.0,44.18,9.474836000764304,40.0,65.05,109.91499999999994,61.46371849619343,40.0,240.0,0.029096545153942086,0.03494635205814985,0.02,0.1746468307367266
NPConformal_SpecificityControlled_MarginFamily,conformal_alpha0.05_add0.000,30,0.9277849681183015,0.08564934561307641,0.56,1.0,0.9688474810213941,0.03768751152266738,0.9,1.0,0.9394167236272499,0.11727195918447446,0.42105263157894735,1.0,0.9483132703755321,0.07659237920796526,0.5925925925925926,1.0,0.8844444444444445,0.13916371277292744,0.6,1.0,0.08333333333333333,0.15628591541249595,0.0,0.5,0.6666666666666666,0.802295557085754,0.0,2.0,1.2,2.2345253295221026,0.0,11.0,43.35,7.999795256000683,40.0,65.05,105.50349999999993,61.15520288506774,40.0,240.0,0.018908561473173203,0.07271807795182161,0.0,0.32353765809382823
NPConformal_SpecificityControlled_MarginFamily,conformal_alpha0.10_add0.000,30,0.9277849681183015,0.08564934561307641,0.56,1.0,0.9688474810213941,0.03768751152266738,0.9,1.0,0.9394167236272499,0.11727195918447446,0.42105263157894735,1.0,0.9483132703755321,0.07659237920796526,0.5925925925925926,1.0,0.8844444444444445,0.13916371277292744,0.6,1.0,0.08333333333333333,0.15628591541249595,0.0,0.5,0.6666666666666666,0.802295557085754,0.0,2.0,1.2,2.2345253295221026,0.0,11.0,43.35,7.999795256000683,40.0,65.05,105.50349999999993,61.15520288506774,40.0,240.0,0.018908561473173203,0.07271807795182161,0.0,0.32353765809382823
NPConformal_SpecificityControlled_MarginFamily,conformal_alpha0.20_add0.000,30,0.9277849681183015,0.08564934561307641,0.56,1.0,0.9688474810213941,0.03768751152266738,0.9,1.0,0.9394167236272499,0.11727195918447446,0.42105263157894735,1.0,0.9483132703755321,0.07659237920796526,0.5925925925925926,1.0,0.8844444444444445,0.13916371277292744,0.6,1.0,0.08333333333333333,0.15628591541249595,0.0,0.5,0.6666666666666666,0.802295557085754,0.0,2.0,1.2,2.2345253295221026,0.0,11.0,43.35,7.999795256000683,40.0,65.05,105.50349999999993,61.15520288506774,40.0,240.0,0.018908561473173203,0.07271807795182161,0.0,0.32353765809382823
NPConformal_SpecificityControlled_MarginFamily,max_alpha0.05_add0.000,30,0.9277849681183015,0.08564934561307641,0.56,1.0,0.9688474810213941,0.03768751152266738,0.9,1.0,0.9394167236272499,0.11727195918447446,0.42105263157894735,1.0,0.9483132703755321,0.07659237920796526,0.5925925925925926,1.0,0.8844444444444445,0.13916371277292744,0.6,1.0,0.08333333333333333,0.15628591541249595,0.0,0.5,0.6666666666666666,0.802295557085754,0.0,2.0,1.2,2.2345253295221026,0.0,11.0,43.35,7.999795256000683,40.0,65.05,105.50349999999993,61.15520288506774,40.0,240.0,0.018908561473173203,0.07271807795182161,0.0,0.32353765809382823
NPConformal_SpecificityControlled_MarginFamily,max_alpha0.10_add0.000,30,0.9277849681183015,0.08564934561307641,0.56,1.0,0.9688474810213941,0.03768751152266738,0.9,1.0,0.9394167236272499,0.11727195918447446,0.42105263157894735,1.0,0.9483132703755321,0.07659237920796526,0.5925925925925926,1.0,0.8844444444444445,0.13916371277292744,0.6,1.0,0.08333333333333333,0.15628591541249595,0.0,0.5,0.6666666666666666,0.802295557085754,0.0,2.0,1.2,2.2345253295221026,0.0,11.0,43.35,7.999795256000683,40.0,65.05,105.50349999999993,61.15520288506774,40.0,240.0,0.018908561473173203,0.07271807795182161,0.0,0.32353765809382823
NPConformal_SpecificityControlled_MarginFamily,max_alpha0.20_add0.000,30,0.9277849681183015,0.08564934561307641,0.56,1.0,0.9688474810213941,0.03768751152266738,0.9,1.0,0.9394167236272499,0.11727195918447446,0.42105263157894735,1.0,0.9483132703755321,0.07659237920796526,0.5925925925925926,1.0,0.8844444444444445,0.13916371277292744,0.6,1.0,0.08333333333333333,0.15628591541249595,0.0,0.5,0.6666666666666666,0.802295557085754,0.0,2.0,1.2,2.2345253295221026,0.0,11.0,43.35,7.999795256000683,40.0,65.05,105.50349999999993,61.15520288506774,40.0,240.0,0.018908561473173203,0.07271807795182161,0.0,0.32353765809382823
NPConformal_SpecificityControlled_MarginFamily,q90_alpha0.05_add0.005,30,0.9356862026862028,0.06722124569086564,0.64,1.0,0.9656608528347659,0.03665456391700434,0.9,1.0,0.9516974253816357,0.0814538379178627,0.5789473684210527,1.0,0.9565016750396182,0.052729685109443605,0.7096774193548387,1.0,0.8788888888888888,0.1305700244692885,0.6,1.0,0.08333333333333333,0.15628591541249595,0.0,0.5,0.7,0.7497125886079554,0.0,2.0,0.9666666666666667,1.5643293888377883,0.0,8.0,44.17833333333333,9.471041920373452,40.0,65.0,111.00299999999994,65.74022930679776,40.0,247.5000000000001,0.014096545153942085,0.03494635205814985,0.005,0.1596468307367266
NPConformal_SpecificityControlled_MarginFamily,q90_alpha0.10_add0.005,30,0.9356862026862028,0.06722124569086564,0.64,1.0,0.9656608528347659,0.03665456391700434,0.9,1.0,0.9516974253816357,0.0814538379178627,0.5789473684210527,1.0,0.9565016750396182,0.052729685109443605,0.7096774193548387,1.0,0.8788888888888888,0.1305700244692885,0.6,1.0,0.08333333333333333,0.15628591541249595,0.0,0.5,0.7,0.7497125886079554,0.0,2.0,0.9666666666666667,1.5643293888377883,0.0,8.0,44.17833333333333,9.471041920373452,40.0,65.0,111.00299999999994,65.74022930679776,40.0,247.5000000000001,0.014096545153942085,0.03494635205814985,0.005,0.1596468307367266
NPConformal_SpecificityControlled_MarginFamily,q90_alpha0.20_add0.005,30,0.9356862026862028,0.06722124569086564,0.64,1.0,0.9656608528347659,0.03665456391700434,0.9,1.0,0.9516974253816357,0.0814538379178627,0.5789473684210527,1.0,0.9565016750396182,0.052729685109443605,0.7096774193548387,1.0,0.8788888888888888,0.1305700244692885,0.6,1.0,0.08333333333333333,0.15628591541249595,0.0,0.5,0.7,0.7497125886079554,0.0,2.0,0.9666666666666667,1.5643293888377883,0.0,8.0,44.17833333333333,9.471041920373452,40.0,65.0,111.00299999999994,65.74022930679776,40.0,247.5000000000001,0.014096545153942085,0.03494635205814985,0.005,0.1596468307367266
NPConformal_SpecificityControlled_MarginFamily,q95_alpha0.05_add0.005,30,0.933019536019536,0.07477290662541528,0.6,1.0,0.965299395120367,0.037096478277857045,0.9,1.0,0.9481886534518112,0.09150289695782682,0.5263157894736842,1.0,0.9540669822823449,0.060656035141483516,0.6666666666666666,1.0,0.8788888888888888,0.1305700244692885,0.6,1.0,0.08333333333333333,0.15628591541249595,0.0,0.5,0.7,0.7497125886079554,0.0,2.0,1.0333333333333334,1.7515182248421004,0.0,9.0,44.18,9.474836000764304,40.0,65.05,113.08649999999994,65.71555504137933,40.0,247.5000000000001,0.019002553313557644,0.053831888098821105,0.005,0.2440922444152774
NPConformal_SpecificityControlled_MarginFamily,q95_alpha0.10_add0.005,30,0.933019536019536,0.07477290662541528,0.6,1.0,0.965299395120367,0.037096478277857045,0.9,1.0,0.9481886534518112,0.09150289695782682,0.5263157894736842,1.0,0.9540669822823449,0.060656035141483516,0.6666666666666666,1.0,0.8788888888888888,0.1305700244692885,0.6,1.0,0.08333333333333333,0.15628591541249595,0.0,0.5,0.7,0.7497125886079554,0.0,2.0,1.0333333333333334,1.7515182248421004,0.0,9.0,44.18,9.474836000764304,40.0,65.05,113.08649999999994,65.71555504137933,40.0,247.5000000000001,0.019002553313557644,0.053831888098821105,0.005,0.2440922444152774
NPConformal_SpecificityControlled_MarginFamily,q95_alpha0.20_add0.005,30,0.933019536019536,0.07477290662541528,0.6,1.0,0.965299395120367,0.037096478277857045,0.9,1.0,0.9481886534518112,0.09150289695782682,0.5263157894736842,1.0,0.9540669822823449,0.060656035141483516,0.6666666666666666,1.0,0.8788888888888888,0.1305700244692885,0.6,1.0,0.08333333333333333,0.15628591541249595,0.0,0.5,0.7,0.7497125886079554,0.0,2.0,1.0333333333333334,1.7515182248421004,0.0,9.0,44.18,9.474836000764304,40.0,65.05,113.08649999999994,65.71555504137933,40.0,247.5000000000001,0.019002553313557644,0.053831888098821105,0.005,0.2440922444152774
NPConformal_SpecificityControlled_MarginFamily,q90_alpha0.05_add0.000,30,0.9344516347849683,0.06774474941706432,0.64,1.0,0.9642178513917643,0.038021994454485904,0.9,1.0,0.9516974253816357,0.0814538379178627,0.5789473684210527,1.0,0.955763395231571,0.05294398650223708,0.7096774193548387,1.0,0.8733333333333333,0.13600766261938238,0.6,1.0,0.08333333333333333,0.15628591541249595,0.0,0.5,0.7333333333333333,0.784915252764901,0.0,2.0,0.9666666666666667,1.5643293888377883,0.0,8.0,43.348333333333336,7.995122255791808,40.0,65.0,104.9196666666666,60.94265008912117,40.0,240.0,0.009096545153942084,0.03494635205814985,0.0,0.1546468307367266
NPConformal_SpecificityControlled_MarginFamily,q90_alpha0.10_add0.000,30,0.9344516347849683,0.06774474941706432,0.64,1.0,0.9642178513917643,0.038021994454485904,0.9,1.0,0.9516974253816357,0.0814538379178627,0.5789473684210527,1.0,0.955763395231571,0.05294398650223708,0.7096774193548387,1.0,0.8733333333333333,0.13600766261938238,0.6,1.0,0.08333333333333333,0.15628591541249595,0.0,0.5,0.7333333333333333,0.784915252764901,0.0,2.0,0.9666666666666667,1.5643293888377883,0.0,8.0,43.348333333333336,7.995122255791808,40.0,65.0,104.9196666666666,60.94265008912117,40.0,240.0,0.009096545153942084,0.03494635205814985,0.0,0.1546468307367266
NPConformal_SpecificityControlled_MarginFamily,q90_alpha0.20_add0.000,30,0.9344516347849683,0.06774474941706432,0.64,1.0,0.9642178513917643,0.038021994454485904,0.9,1.0,0.9516974253816357,0.0814538379178627,0.5789473684210527,1.0,0.955763395231571,0.05294398650223708,0.7096774193548387,1.0,0.8733333333333333,0.13600766261938238,0.6,1.0,0.08333333333333333,0.15628591541249595,0.0,0.5,0.7333333333333333,0.784915252764901,0.0,2.0,0.9666666666666667,1.5643293888377883,0.0,8.0,43.348333333333336,7.995122255791808,40.0,65.0,104.9196666666666,60.94265008912117,40.0,240.0,0.009096545153942084,0.03494635205814985,0.0,0.1546468307367266
NPConformal_SpecificityControlled_MarginFamily,q95_alpha0.05_add0.000,30,0.9317849681183016,0.0751986127362196,0.6,1.0,0.9638563936773655,0.038434158864910944,0.9,1.0,0.9481886534518112,0.09150289695782682,0.5263157894736842,1.0,0.9533287024742976,0.06081185477060782,0.6666666666666666,1.0,0.8733333333333333,0.13600766261938238,0.6,1.0,0.08333333333333333,0.15628591541249595,0.0,0.5,0.7333333333333333,0.784915252764901,0.0,2.0,1.0333333333333334,1.7515182248421004,0.0,9.0,43.35,7.999795256000683,40.0,65.05,107.00133333333328,61.129870921265486,40.0,240.0,0.014002553313557643,0.05383188809882109,0.0,0.2390922444152774
NPConformal_SpecificityControlled_MarginFamily,q95_alpha0.10_add0.000,30,0.9317849681183016,0.0751986127362196,0.6,1.0,0.9638563936773655,0.038434158864910944,0.9,1.0,0.9481886534518112,0.09150289695782682,0.5263157894736842,1.0,0.9533287024742976,0.06081185477060782,0.6666666666666666,1.0,0.8733333333333333,0.13600766261938238,0.6,1.0,0.08333333333333333,0.15628591541249595,0.0,0.5,0.7333333333333333,0.784915252764901,0.0,2.0,1.0333333333333334,1.7515182248421004,0.0,9.0,43.35,7.999795256000683,40.0,65.05,107.00133333333328,61.129870921265486,40.0,240.0,0.014002553313557643,0.05383188809882109,0.0,0.2390922444152774
NPConformal_SpecificityControlled_MarginFamily,q95_alpha0.20_add0.000,30,0.9317849681183016,0.0751986127362196,0.6,1.0,0.9638563936773655,0.038434158864910944,0.9,1.0,0.9481886534518112,0.09150289695782682,0.5263157894736842,1.0,0.9533287024742976,0.06081185477060782,0.6666666666666666,1.0,0.8733333333333333,0.13600766261938238,0.6,1.0,0.08333333333333333,0.15628591541249595,0.0,0.5,0.7333333333333333,0.784915252764901,0.0,2.0,1.0333333333333334,1.7515182248421004,0.0,9.0,43.35,7.999795256000683,40.0,65.05,107.00133333333328,61.129870921265486,40.0,240.0,0.014002553313557643,0.05383188809882109,0.0,0.2390922444152774
