tn,fp,fn,tp,accuracy,specificity,recall,score,threshold,vetoed
149,24,21,588,0.9424552429667519,0.861271676300578,0.9655172413793104,et_fault_prob,0.0,0
149,24,21,588,0.9424552429667519,0.861271676300578,0.9655172413793104,et_fault_prob,0.005,0
149,24,21,588,0.9424552429667519,0.861271676300578,0.9655172413793104,et_fault_prob,0.0099349055568041,0
149,24,21,588,0.9424552429667519,0.861271676300578,0.9655172413793104,et_fault_prob,0.01,0
149,24,21,588,0.9424552429667519,0.861271676300578,0.9655172413793104,et_fault_prob,0.015,0
149,24,21,588,0.9424552429667519,0.861271676300578,0.9655172413793104,et_fault_prob,0.02,0
149,24,21,588,0.9424552429667519,0.861271676300578,0.9655172413793104,et_fault_prob,0.025,0
149,24,21,588,0.9424552429667519,0.861271676300578,0.9655172413793104,et_fault_prob,0.026121065462943415,0
149,24,21,588,0.9424552429667519,0.861271676300578,0.9655172413793104,et_fault_prob,0.03,0
149,24,21,588,0.9424552429667519,0.861271676300578,0.9655172413793104,et_fault_prob,0.035,0
149,24,21,588,0.9424552429667519,0.861271676300578,0.9655172413793104,et_fault_prob,0.04,0
149,24,21,588,0.9424552429667519,0.861271676300578,0.9655172413793104,et_fault_prob,0.045,0
149,24,21,588,0.9424552429667519,0.861271676300578,0.9655172413793104,et_fault_prob,0.05,0
149,24,21,588,0.9424552429667519,0.861271676300578,0.9655172413793104,et_fault_prob,0.055,0
149,24,21,588,0.9424552429667519,0.861271676300578,0.9655172413793104,et_fault_prob,0.05858659307427262,0
149,24,21,588,0.9424552429667519,0.861271676300578,0.9655172413793104,et_fault_prob,0.06,0
149,24,21,588,0.9424552429667519,0.861271676300578,0.9655172413793104,et_fault_prob,0.065,0
149,24,21,588,0.9424552429667519,0.861271676300578,0.9655172413793104,et_fault_prob,0.06965390590714646,0
149,24,21,588,0.9424552429667519,0.861271676300578,0.9655172413793104,et_fault_prob,0.07,0
149,24,21,588,0.9424552429667519,0.861271676300578,0.9655172413793104,et_fault_prob,0.075,0
149,24,21,588,0.9424552429667519,0.861271676300578,0.9655172413793104,et_fault_prob,0.08,0
149,24,21,588,0.9424552429667519,0.861271676300578,0.9655172413793104,et_fault_prob,0.085,0
149,24,21,588,0.9424552429667519,0.861271676300578,0.9655172413793104,et_fault_prob,0.0889197755561607,0
149,24,21,588,0.9424552429667519,0.861271676300578,0.9655172413793104,et_fault_prob,0.09,0
149,24,21,588,0.9424552429667519,0.861271676300578,0.9655172413793104,et_fault_prob,0.095,0
149,24,21,588,0.9424552429667519,0.861271676300578,0.9655172413793104,et_fault_prob,0.09813998775784662,0
149,24,21,588,0.9424552429667519,0.861271676300578,0.9655172413793104,et_fault_prob,0.1,0
149,24,21,588,0.9424552429667519,0.861271676300578,0.9655172413793104,et_fault_prob,0.105,0
149,24,21,588,0.9424552429667519,0.861271676300578,0.9655172413793104,et_fault_prob,0.11,0
149,24,21,588,0.9424552429667519,0.861271676300578,0.9655172413793104,et_fault_prob,0.11187810471293395,0
149,24,21,588,0.9424552429667519,0.861271676300578,0.9655172413793104,et_fault_prob,0.115,0
149,24,21,588,0.9424552429667519,0.861271676300578,0.9655172413793104,et_fault_prob,0.12,0
149,24,21,588,0.9424552429667519,0.861271676300578,0.9655172413793104,et_fault_prob,0.125,0
149,24,21,588,0.9424552429667519,0.861271676300578,0.9655172413793104,et_fault_prob,0.13,0
149,24,21,588,0.9424552429667519,0.861271676300578,0.9655172413793104,et_fault_prob,0.13392296075685162,0
149,24,21,588,0.9424552429667519,0.861271676300578,0.9655172413793104,et_fault_prob,0.135,0
149,24,21,588,0.9424552429667519,0.861271676300578,0.9655172413793104,et_fault_prob,0.14,0
149,24,21,588,0.9424552429667519,0.861271676300578,0.9655172413793104,et_fault_prob,0.145,0
149,24,21,588,0.9424552429667519,0.861271676300578,0.9655172413793104,et_fault_prob,0.15,0
149,24,21,588,0.9424552429667519,0.861271676300578,0.9655172413793104,et_fault_prob,0.155,0
149,24,21,588,0.9424552429667519,0.861271676300578,0.9655172413793104,et_fault_prob,0.16,0
149,24,21,588,0.9424552429667519,0.861271676300578,0.9655172413793104,et_fault_prob,0.165,0
149,24,21,588,0.9424552429667519,0.861271676300578,0.9655172413793104,et_fault_prob,0.17,0
149,24,21,588,0.9424552429667519,0.861271676300578,0.9655172413793104,et_fault_prob,0.17500000000000002,0
149,24,21,588,0.9424552429667519,0.861271676300578,0.9655172413793104,et_fault_prob,0.18,0
149,24,21,588,0.9424552429667519,0.861271676300578,0.9655172413793104,et_fault_prob,0.185,0
149,24,21,588,0.9424552429667519,0.861271676300578,0.9655172413793104,et_fault_prob,0.18771175391953598,0
149,24,21,588,0.9424552429667519,0.861271676300578,0.9655172413793104,et_fault_prob,0.19,0
149,24,21,588,0.9424552429667519,0.861271676300578,0.9655172413793104,et_fault_prob,0.195,0
149,24,21,588,0.9424552429667519,0.861271676300578,0.9655172413793104,et_fault_prob,0.2,0
149,24,21,588,0.9424552429667519,0.861271676300578,0.9655172413793104,et_fault_prob,0.20500000000000002,0
149,24,21,588,0.9424552429667519,0.861271676300578,0.9655172413793104,et_fault_prob,0.21,0
149,24,21,588,0.9424552429667519,0.861271676300578,0.9655172413793104,et_fault_prob,0.215,0
149,24,21,588,0.9424552429667519,0.861271676300578,0.9655172413793104,et_fault_prob,0.22,0
149,24,21,588,0.9424552429667519,0.861271676300578,0.9655172413793104,et_fault_prob,0.225,0
149,24,21,588,0.9424552429667519,0.861271676300578,0.9655172413793104,et_fault_prob,0.23,0
149,24,21,588,0.9424552429667519,0.861271676300578,0.9655172413793104,et_fault_prob,0.23500000000000001,0
149,24,21,588,0.9424552429667519,0.861271676300578,0.9655172413793104,et_fault_prob,0.24,0
149,24,21,588,0.9424552429667519,0.861271676300578,0.9655172413793104,et_fault_prob,0.245,0
149,24,21,588,0.9424552429667519,0.861271676300578,0.9655172413793104,et_fault_prob,0.25,0
149,24,21,588,0.9424552429667519,0.861271676300578,0.9655172413793104,et_fault_prob,0.255,0
149,24,21,588,0.9424552429667519,0.861271676300578,0.9655172413793104,et_fault_prob,0.26,0
149,24,21,588,0.9424552429667519,0.861271676300578,0.9655172413793104,et_fault_prob,0.265,0
149,24,21,588,0.9424552429667519,0.861271676300578,0.9655172413793104,et_fault_prob,0.27,0
149,24,21,588,0.9424552429667519,0.861271676300578,0.9655172413793104,et_fault_prob,0.275,0
149,24,21,588,0.9424552429667519,0.861271676300578,0.9655172413793104,et_fault_prob,0.28,0
149,24,21,588,0.9424552429667519,0.861271676300578,0.9655172413793104,et_fault_prob,0.28500000000000003,0
149,24,21,588,0.9424552429667519,0.861271676300578,0.9655172413793104,et_fault_prob,0.29,0
149,24,21,588,0.9424552429667519,0.861271676300578,0.9655172413793104,et_fault_prob,0.2927668056740054,0
149,24,21,588,0.9424552429667519,0.861271676300578,0.9655172413793104,et_fault_prob,0.295,0
149,24,21,588,0.9424552429667519,0.861271676300578,0.9655172413793104,et_fault_prob,0.3,0
149,24,21,588,0.9424552429667519,0.861271676300578,0.9655172413793104,et_fault_prob,0.305,0
149,24,21,588,0.9424552429667519,0.861271676300578,0.9655172413793104,et_fault_prob,0.31,0
149,24,21,588,0.9424552429667519,0.861271676300578,0.9655172413793104,et_fault_prob,0.315,0
149,24,21,588,0.9424552429667519,0.861271676300578,0.9655172413793104,et_fault_prob,0.32,0
149,24,21,588,0.9424552429667519,0.861271676300578,0.9655172413793104,et_fault_prob,0.325,0
149,24,21,588,0.9424552429667519,0.861271676300578,0.9655172413793104,et_fault_prob,0.3264841690543179,0
149,24,21,588,0.9424552429667519,0.861271676300578,0.9655172413793104,et_fault_prob,0.33,0
149,24,21,588,0.9424552429667519,0.861271676300578,0.9655172413793104,et_fault_prob,0.335,0
149,24,21,588,0.9424552429667519,0.861271676300578,0.9655172413793104,et_fault_prob,0.34,0
149,24,21,588,0.9424552429667519,0.861271676300578,0.9655172413793104,et_fault_prob,0.34500000000000003,0
149,24,21,588,0.9424552429667519,0.861271676300578,0.9655172413793104,et_fault_prob,0.35000000000000003,0
149,24,21,588,0.9424552429667519,0.861271676300578,0.9655172413793104,et_fault_prob,0.3527284992596797,0
149,24,21,588,0.9424552429667519,0.861271676300578,0.9655172413793104,et_fault_prob,0.355,0
149,24,21,588,0.9424552429667519,0.861271676300578,0.9655172413793104,et_fault_prob,0.36,0
149,24,21,588,0.9424552429667519,0.861271676300578,0.9655172413793104,et_fault_prob,0.365,0
149,24,21,588,0.9424552429667519,0.861271676300578,0.9655172413793104,et_fault_prob,0.37,0
149,24,21,588,0.9424552429667519,0.861271676300578,0.9655172413793104,et_fault_prob,0.3710808443338383,0
149,24,21,588,0.9424552429667519,0.861271676300578,0.9655172413793104,et_fault_prob,0.375,0
149,24,21,588,0.9424552429667519,0.861271676300578,0.9655172413793104,et_fault_prob,0.38,0
149,24,21,588,0.9424552429667519,0.861271676300578,0.9655172413793104,et_fault_prob,0.38426922765652227,0
149,24,21,588,0.9424552429667519,0.861271676300578,0.9655172413793104,et_fault_prob,0.385,0
149,24,21,588,0.9424552429667519,0.861271676300578,0.9655172413793104,et_fault_prob,0.39,0
149,24,21,588,0.9424552429667519,0.861271676300578,0.9655172413793104,et_fault_prob,0.395,0
149,24,21,588,0.9424552429667519,0.861271676300578,0.9655172413793104,et_fault_prob,0.4,0
149,24,21,588,0.9424552429667519,0.861271676300578,0.9655172413793104,et_fault_prob,0.405,0
149,24,21,588,0.9424552429667519,0.861271676300578,0.9655172413793104,et_fault_prob,0.40986318765909696,0
149,24,21,588,0.9424552429667519,0.861271676300578,0.9655172413793104,et_fault_prob,0.41000000000000003,0
149,24,21,588,0.9424552429667519,0.861271676300578,0.9655172413793104,et_fault_prob,0.41500000000000004,0
149,24,21,588,0.9424552429667519,0.861271676300578,0.9655172413793104,et_fault_prob,0.42,0
149,24,21,588,0.9424552429667519,0.861271676300578,0.9655172413793104,et_fault_prob,0.425,0
149,24,21,588,0.9424552429667519,0.861271676300578,0.9655172413793104,et_fault_prob,0.43,0
149,24,22,587,0.9411764705882353,0.861271676300578,0.9638752052545156,et_fault_prob,0.4327889743687451,1
149,24,22,587,0.9411764705882353,0.861271676300578,0.9638752052545156,et_fault_prob,0.435,1
149,24,22,587,0.9411764705882353,0.861271676300578,0.9638752052545156,et_fault_prob,0.44,1
149,24,22,587,0.9411764705882353,0.861271676300578,0.9638752052545156,et_fault_prob,0.445,1
149,24,22,587,0.9411764705882353,0.861271676300578,0.9638752052545156,et_fault_prob,0.45,1
149,24,22,587,0.9411764705882353,0.861271676300578,0.9638752052545156,et_fault_prob,0.455,1
149,24,22,587,0.9411764705882353,0.861271676300578,0.9638752052545156,et_fault_prob,0.4589949457436943,1
149,24,22,587,0.9411764705882353,0.861271676300578,0.9638752052545156,et_fault_prob,0.46,1
150,23,22,587,0.9424552429667519,0.8670520231213873,0.9638752052545156,et_fault_prob,0.465,2
150,23,23,586,0.9411764705882353,0.8670520231213873,0.9622331691297209,et_fault_prob,0.4671603187123055,3
151,22,24,585,0.9411764705882353,0.8728323699421965,0.9605911330049262,et_fault_prob,0.46979383400711383,5
151,22,24,585,0.9411764705882353,0.8728323699421965,0.9605911330049262,et_fault_prob,0.47000000000000003,5
151,22,25,584,0.9398976982097187,0.8728323699421965,0.9589490968801314,et_fault_prob,0.47500000000000003,6
151,22,25,584,0.9398976982097187,0.8728323699421965,0.9589490968801314,et_fault_prob,0.48,6
151,22,25,584,0.9398976982097187,0.8728323699421965,0.9589490968801314,et_fault_prob,0.485,6
151,22,25,584,0.9398976982097187,0.8728323699421965,0.9589490968801314,et_fault_prob,0.49,6
151,22,26,583,0.9386189258312021,0.8728323699421965,0.9573070607553367,et_fault_prob,0.495,7
151,22,27,582,0.9373401534526854,0.8728323699421965,0.9556650246305419,et_fault_prob,0.5,8
151,22,28,581,0.9360613810741688,0.8728323699421965,0.9540229885057471,et_fault_prob,0.505,9
151,22,28,581,0.9360613810741688,0.8728323699421965,0.9540229885057471,et_fault_prob,0.5064699653166966,9
151,22,28,581,0.9360613810741688,0.8728323699421965,0.9540229885057471,et_fault_prob,0.51,9
152,21,28,581,0.9373401534526854,0.8786127167630058,0.9540229885057471,et_fault_prob,0.515,10
152,21,30,579,0.9347826086956522,0.8786127167630058,0.9507389162561576,et_fault_prob,0.52,12
152,21,30,579,0.9347826086956522,0.8786127167630058,0.9507389162561576,et_fault_prob,0.525,12
152,21,31,578,0.9335038363171355,0.8786127167630058,0.9490968801313628,et_fault_prob,0.5274872358660541,13
152,21,32,577,0.9322250639386189,0.8786127167630058,0.9474548440065681,et_fault_prob,0.53,14
152,21,32,577,0.9322250639386189,0.8786127167630058,0.9474548440065681,et_fault_prob,0.535,14
152,21,34,575,0.9296675191815856,0.8786127167630058,0.9441707717569786,et_fault_prob,0.54,16
152,21,34,575,0.9296675191815856,0.8786127167630058,0.9441707717569786,et_fault_prob,0.545,16
153,20,34,575,0.9309462915601023,0.884393063583815,0.9441707717569786,et_fault_prob,0.55,17
153,20,35,574,0.9296675191815856,0.884393063583815,0.9425287356321839,et_fault_prob,0.5517328783590525,18
153,20,36,573,0.928388746803069,0.884393063583815,0.9408866995073891,et_fault_prob,0.555,19
153,20,38,571,0.9258312020460358,0.884393063583815,0.9376026272577996,et_fault_prob,0.56,21
155,18,40,569,0.9258312020460358,0.8959537572254336,0.9343185550082101,et_fault_prob,0.5632065374180515,25
155,18,42,567,0.9232736572890026,0.8959537572254336,0.9310344827586207,et_fault_prob,0.5650000000000001,27
155,18,44,565,0.9207161125319693,0.8959537572254336,0.9277504105090312,et_fault_prob,0.5700000000000001,29
156,17,44,565,0.921994884910486,0.9017341040462428,0.9277504105090312,et_fault_prob,0.5718856212183808,30
157,16,45,564,0.921994884910486,0.9075144508670521,0.9261083743842364,et_fault_prob,0.5750000000000001,32
157,16,49,560,0.9168797953964194,0.9075144508670521,0.9195402298850575,et_fault_prob,0.58,36
158,15,49,560,0.9181585677749361,0.9132947976878613,0.9195402298850575,et_fault_prob,0.5814455331545395,37
158,15,50,559,0.9168797953964194,0.9132947976878613,0.9178981937602627,et_fault_prob,0.585,38
159,14,53,556,0.9143222506393862,0.9190751445086706,0.9129720853858785,et_fault_prob,0.5890841357156634,42
159,14,54,555,0.9130434782608695,0.9190751445086706,0.9113300492610837,et_fault_prob,0.59,43
160,13,58,551,0.9092071611253197,0.9248554913294798,0.9047619047619048,et_fault_prob,0.595,48
160,13,59,550,0.907928388746803,0.9248554913294798,0.90311986863711,et_fault_prob,0.5962579255581457,49
161,12,60,549,0.907928388746803,0.930635838150289,0.9014778325123153,et_fault_prob,0.6,51
162,11,62,547,0.9066496163682864,0.9364161849710982,0.8981937602627258,et_fault_prob,0.6027435174685455,54
162,11,63,546,0.9053708439897699,0.9364161849710982,0.896551724137931,et_fault_prob,0.605,55
162,11,64,545,0.9040920716112532,0.9364161849710982,0.8949096880131363,et_fault_prob,0.61,56
162,11,68,541,0.8989769820971867,0.9364161849710982,0.8883415435139573,et_fault_prob,0.615,60
162,11,68,541,0.8989769820971867,0.9364161849710982,0.8883415435139573,et_fault_prob,0.6152261022358763,60
163,10,73,536,0.8938618925831202,0.9421965317919075,0.8801313628899836,et_fault_prob,0.62,66
163,10,73,536,0.8938618925831202,0.9421965317919075,0.8801313628899836,et_fault_prob,0.6216173503815569,66
164,9,76,533,0.8913043478260869,0.9479768786127167,0.8752052545155994,et_fault_prob,0.625,70
164,9,79,530,0.887468030690537,0.9479768786127167,0.8702791461412152,et_fault_prob,0.6271782599203004,73
164,9,81,528,0.8849104859335039,0.9479768786127167,0.8669950738916257,et_fault_prob,0.63,75
165,8,85,524,0.881074168797954,0.953757225433526,0.8604269293924466,et_fault_prob,0.635,80
165,8,86,523,0.8797953964194374,0.953757225433526,0.8587848932676518,et_fault_prob,0.6351917780252113,81
165,8,88,521,0.8772378516624041,0.953757225433526,0.8555008210180624,et_fault_prob,0.64,83
165,8,92,517,0.8721227621483376,0.953757225433526,0.8489326765188834,et_fault_prob,0.645,87
165,8,92,517,0.8721227621483376,0.953757225433526,0.8489326765188834,et_fault_prob,0.6450087620482627,87
165,8,96,513,0.8670076726342711,0.953757225433526,0.8423645320197044,et_fault_prob,0.65,91
165,8,100,509,0.8618925831202046,0.953757225433526,0.8357963875205254,et_fault_prob,0.6540188584340226,95
165,8,102,507,0.8593350383631714,0.953757225433526,0.8325123152709359,et_fault_prob,0.655,97
167,6,105,504,0.8580562659846548,0.9653179190751445,0.8275862068965517,et_fault_prob,0.659759723848001,102
167,6,106,503,0.8567774936061381,0.9653179190751445,0.825944170771757,et_fault_prob,0.66,103
168,5,112,497,0.850383631713555,0.9710982658959537,0.8160919540229885,et_fault_prob,0.6621666591549005,110
168,5,117,492,0.8439897698209718,0.9710982658959537,0.8078817733990148,et_fault_prob,0.665,115
168,5,120,489,0.840153452685422,0.9710982658959537,0.8029556650246306,et_fault_prob,0.6661658738102819,118
168,5,123,486,0.8363171355498721,0.9710982658959537,0.7980295566502463,et_fault_prob,0.67,121
168,5,127,482,0.8312020460358056,0.9710982658959537,0.7914614121510674,et_fault_prob,0.6742586586475733,125
168,5,130,479,0.8273657289002557,0.9710982658959537,0.7865353037766831,et_fault_prob,0.675,128
168,5,135,474,0.8209718670076727,0.9710982658959537,0.7783251231527094,et_fault_prob,0.6784708584776494,133
168,5,137,472,0.8184143222506394,0.9710982658959537,0.7750410509031199,et_fault_prob,0.68,135
168,5,143,466,0.8107416879795396,0.9710982658959537,0.7651888341543513,et_fault_prob,0.6847336896734683,141
168,5,144,465,0.809462915601023,0.9710982658959537,0.7635467980295566,et_fault_prob,0.685,142
168,5,150,459,0.8017902813299232,0.9710982658959537,0.7536945812807881,et_fault_prob,0.6900000000000001,148
168,5,151,458,0.8005115089514067,0.9710982658959537,0.7520525451559934,et_fault_prob,0.6913085688580604,149
168,5,158,451,0.7915601023017903,0.9710982658959537,0.7405582922824302,et_fault_prob,0.6950000000000001,156
168,5,159,450,0.7902813299232737,0.9710982658959537,0.7389162561576355,et_fault_prob,0.6955964971205978,157
168,5,165,444,0.782608695652174,0.9710982658959537,0.729064039408867,et_fault_prob,0.7000000000000001,163
168,5,166,443,0.7813299232736572,0.9710982658959537,0.7274220032840722,et_fault_prob,0.7003024493202641,164
168,5,173,436,0.7723785166240409,0.9710982658959537,0.715927750410509,et_fault_prob,0.7036377844577463,171
168,5,176,433,0.768542199488491,0.9710982658959537,0.7110016420361248,et_fault_prob,0.705,174
168,5,181,428,0.7621483375959079,0.9710982658959537,0.7027914614121511,et_fault_prob,0.7069629092491394,179
168,5,188,421,0.7531969309462916,0.9710982658959537,0.6912972085385879,et_fault_prob,0.71,186
168,5,189,420,0.7519181585677749,0.9710982658959537,0.6896551724137931,et_fault_prob,0.7108814214756546,187
168,5,196,413,0.7429667519181585,0.9710982658959537,0.6781609195402298,et_fault_prob,0.715,194
168,5,197,412,0.7416879795396419,0.9710982658959537,0.6765188834154351,et_fault_prob,0.7151387968288292,195
168,5,203,406,0.7340153452685422,0.9710982658959537,0.6666666666666666,et_fault_prob,0.72,201
168,5,205,404,0.731457800511509,0.9710982658959537,0.6633825944170771,et_fault_prob,0.7202275015225276,203
168,5,210,399,0.7250639386189258,0.9710982658959537,0.6551724137931034,et_fault_prob,0.725,208
168,5,211,398,0.7237851662404092,0.9710982658959537,0.6535303776683087,et_fault_prob,0.7277047055429395,209
168,5,215,394,0.7186700767263428,0.9710982658959537,0.6469622331691297,et_fault_prob,0.73,213
168,5,219,390,0.7135549872122762,0.9710982658959537,0.6403940886699507,et_fault_prob,0.734239760791043,217
168,5,220,389,0.7122762148337596,0.9710982658959537,0.638752052545156,et_fault_prob,0.735,218
168,5,226,383,0.7046035805626598,0.9710982658959537,0.6288998357963875,et_fault_prob,0.74,224
168,5,226,383,0.7046035805626598,0.9710982658959537,0.6288998357963875,et_fault_prob,0.740160497954804,224
168,5,228,381,0.7020460358056266,0.9710982658959537,0.625615763546798,et_fault_prob,0.745,226
169,4,233,376,0.69693094629156,0.976878612716763,0.6174055829228243,et_fault_prob,0.7473675224761224,232
169,4,237,372,0.6918158567774936,0.976878612716763,0.6108374384236454,et_fault_prob,0.75,236
169,4,241,368,0.6867007672634271,0.976878612716763,0.6042692939244664,et_fault_prob,0.7546514471863909,240
169,4,243,366,0.6841432225063938,0.976878612716763,0.6009852216748769,et_fault_prob,0.755,242
169,4,247,362,0.6790281329923273,0.976878612716763,0.5944170771756979,et_fault_prob,0.76,246
169,4,247,362,0.6790281329923273,0.976878612716763,0.5944170771756979,et_fault_prob,0.7602985135260726,246
169,4,249,360,0.6764705882352942,0.976878612716763,0.5911330049261084,et_fault_prob,0.765,248
170,3,253,356,0.6726342710997443,0.9826589595375722,0.5845648604269293,et_fault_prob,0.77,253
170,3,253,356,0.6726342710997443,0.9826589595375722,0.5845648604269293,et_fault_prob,0.7704443830055938,253
170,3,256,353,0.6687979539641944,0.9826589595375722,0.5796387520525451,et_fault_prob,0.775,256
170,3,258,351,0.6662404092071611,0.9826589595375722,0.5763546798029556,et_fault_prob,0.78,258
170,3,260,349,0.6636828644501279,0.9826589595375722,0.5730706075533661,et_fault_prob,0.7849122432969385,260
170,3,260,349,0.6636828644501279,0.9826589595375722,0.5730706075533661,et_fault_prob,0.785,260
171,2,264,345,0.659846547314578,0.9884393063583815,0.5665024630541872,et_fault_prob,0.79,265
171,2,265,344,0.6585677749360613,0.9884393063583815,0.5648604269293924,et_fault_prob,0.795,266
171,2,268,341,0.6547314578005116,0.9884393063583815,0.5599343185550082,et_fault_prob,0.798557369990337,269
171,2,269,340,0.6534526854219949,0.9884393063583815,0.5582922824302134,et_fault_prob,0.8,270
172,1,271,338,0.6521739130434783,0.9942196531791907,0.555008210180624,et_fault_prob,0.805,273
172,1,274,335,0.6483375959079284,0.9942196531791907,0.5500821018062397,et_fault_prob,0.81,276
172,1,274,335,0.6483375959079284,0.9942196531791907,0.5500821018062397,et_fault_prob,0.8100535150681897,276
172,1,277,332,0.6445012787723785,0.9942196531791907,0.5451559934318555,et_fault_prob,0.8150000000000001,279
172,1,281,328,0.639386189258312,0.9942196531791907,0.5385878489326765,et_fault_prob,0.8198284706343277,283
172,1,282,327,0.6381074168797954,0.9942196531791907,0.5369458128078818,et_fault_prob,0.8200000000000001,284
172,1,287,322,0.6317135549872123,0.9942196531791907,0.5287356321839081,et_fault_prob,0.8250000000000001,289
172,1,288,321,0.6304347826086957,0.9942196531791907,0.5270935960591133,et_fault_prob,0.8300000000000001,290
172,1,289,320,0.629156010230179,0.9942196531791907,0.5254515599343186,et_fault_prob,0.8313423969102792,291
173,0,293,316,0.6253196930946292,1.0,0.5188834154351396,et_fault_prob,0.835,296
173,0,296,313,0.6214833759590793,1.0,0.5139573070607554,et_fault_prob,0.84,299
173,0,296,313,0.6214833759590793,1.0,0.5139573070607554,et_fault_prob,0.8405569122774842,299
173,0,301,308,0.6150895140664961,1.0,0.5057471264367817,et_fault_prob,0.845,304
173,0,304,305,0.6112531969309463,1.0,0.5008210180623974,et_fault_prob,0.8482212735351853,307
173,0,305,304,0.6099744245524297,1.0,0.49917898193760263,et_fault_prob,0.85,308
173,0,309,300,0.6048593350383632,1.0,0.49261083743842365,et_fault_prob,0.855,312
173,0,312,297,0.6010230179028133,1.0,0.4876847290640394,et_fault_prob,0.8570087831894136,315
173,0,316,293,0.5959079283887468,1.0,0.48111658456486045,et_fault_prob,0.86,319
173,0,319,290,0.592071611253197,1.0,0.47619047619047616,et_fault_prob,0.865,322
173,0,320,289,0.5907928388746803,1.0,0.4745484400656814,et_fault_prob,0.8651080892300874,323
173,0,327,282,0.5818414322250639,1.0,0.4630541871921182,et_fault_prob,0.8682092997187337,330
173,0,330,279,0.578005115089514,1.0,0.458128078817734,et_fault_prob,0.87,333
173,0,335,274,0.571611253196931,1.0,0.44991789819376027,et_fault_prob,0.8726408097055565,338
173,0,343,266,0.5613810741687979,1.0,0.4367816091954023,et_fault_prob,0.875,346
173,0,343,266,0.5613810741687979,1.0,0.4367816091954023,et_fault_prob,0.8752120820253766,346
173,0,351,258,0.551150895140665,1.0,0.4236453201970443,et_fault_prob,0.8795910294939063,354
173,0,352,257,0.5498721227621484,1.0,0.4220032840722496,et_fault_prob,0.88,355
173,0,359,250,0.540920716112532,1.0,0.41050903119868637,et_fault_prob,0.8839697873247753,362
173,0,362,247,0.5370843989769821,1.0,0.40558292282430214,et_fault_prob,0.885,365
173,0,366,243,0.5319693094629157,1.0,0.39901477832512317,et_fault_prob,0.8870661426065641,369
173,0,374,235,0.5217391304347826,1.0,0.38587848932676516,et_fault_prob,0.8896131413169508,377
173,0,376,233,0.5191815856777494,1.0,0.3825944170771757,et_fault_prob,0.89,379
173,0,383,226,0.510230179028133,1.0,0.37110016420361247,et_fault_prob,0.8919144160969429,386
173,0,390,219,0.5012787723785166,1.0,0.35960591133004927,et_fault_prob,0.8934131646493148,393
173,0,395,214,0.4948849104859335,1.0,0.35139573070607555,et_fault_prob,0.895,398
173,0,398,211,0.49104859335038364,1.0,0.3464696223316913,et_fault_prob,0.8956376779770943,401
173,0,405,204,0.4820971867007673,1.0,0.33497536945812806,et_fault_prob,0.8988467099519907,408
173,0,413,196,0.4718670076726343,1.0,0.3218390804597701,et_fault_prob,0.8995749600915303,416
173,0,414,195,0.47058823529411764,1.0,0.32019704433497537,et_fault_prob,0.9,417
173,0,421,188,0.4616368286445013,1.0,0.30870279146141216,et_fault_prob,0.9015504305553816,424
173,0,430,179,0.45012787723785164,1.0,0.2939244663382594,et_fault_prob,0.9024907136607264,433
173,0,436,173,0.4424552429667519,1.0,0.28407224958949095,et_fault_prob,0.905,439
173,0,437,172,0.4411764705882353,1.0,0.2824302134646962,et_fault_prob,0.9053584686815345,440
173,0,444,165,0.4322250639386189,1.0,0.270935960591133,et_fault_prob,0.9079843411165124,447
173,0,452,157,0.4219948849104859,1.0,0.25779967159277506,et_fault_prob,0.9098312400296849,455
173,0,454,155,0.4194373401534527,1.0,0.2545155993431856,et_fault_prob,0.91,457
173,0,460,149,0.4117647058823529,1.0,0.24466338259441708,et_fault_prob,0.911522737195007,463
173,0,468,141,0.40153452685422,1.0,0.2315270935960591,et_fault_prob,0.9131479607304307,471
173,0,475,134,0.39258312020460356,1.0,0.2200328407224959,et_fault_prob,0.915,478
173,0,476,133,0.391304347826087,1.0,0.21839080459770116,et_fault_prob,0.9152087940724719,479
173,0,484,125,0.38107416879795397,1.0,0.20525451559934318,et_fault_prob,0.9170533668641999,487
173,0,491,118,0.3721227621483376,1.0,0.19376026272577998,et_fault_prob,0.9179175067920151,494
173,0,496,113,0.3657289002557545,1.0,0.18555008210180624,et_fault_prob,0.92,499
173,0,499,110,0.3618925831202046,1.0,0.180623973727422,et_fault_prob,0.9217069533999775,502
173,0,507,102,0.3516624040920716,1.0,0.16748768472906403,et_fault_prob,0.9245556150614229,510
173,0,509,100,0.3491048593350384,1.0,0.16420361247947454,et_fault_prob,0.925,512
173,0,515,94,0.3414322250639386,1.0,0.15435139573070608,et_fault_prob,0.9265636209027065,518
173,0,523,86,0.3312020460358056,1.0,0.1412151067323481,et_fault_prob,0.9283981801848222,526
173,0,530,79,0.32225063938618925,1.0,0.1297208538587849,et_fault_prob,0.9294691272959799,533
173,0,532,77,0.319693094629156,1.0,0.12643678160919541,et_fault_prob,0.93,535
173,0,539,70,0.31074168797953966,1.0,0.11494252873563218,et_fault_prob,0.9312297742618167,542
173,0,546,63,0.30179028132992325,1.0,0.10344827586206896,et_fault_prob,0.9327588882417848,549
173,0,554,55,0.2915601023017903,1.0,0.090311986863711,et_fault_prob,0.9341912171346561,557
173,0,557,52,0.2877237851662404,1.0,0.08538587848932677,et_fault_prob,0.935,560
173,0,562,47,0.2813299232736573,1.0,0.07717569786535304,et_fault_prob,0.9358301619574835,565
173,0,569,40,0.27237851662404094,1.0,0.06568144499178982,et_fault_prob,0.938561014794362,572
173,0,575,34,0.2647058823529412,1.0,0.05582922824302135,et_fault_prob,0.9400000000000001,578
173,0,577,32,0.26214833759590794,1.0,0.052545155993431854,et_fault_prob,0.9410961924659063,580
173,0,585,24,0.25191815856777494,1.0,0.03940886699507389,et_fault_prob,0.9447948275933942,588
173,0,586,23,0.2506393861892583,1.0,0.03776683087027915,et_fault_prob,0.9450000000000001,589
173,0,593,16,0.24168797953964194,1.0,0.026272577996715927,et_fault_prob,0.9489253551950254,596
173,0,598,11,0.23529411764705882,1.0,0.0180623973727422,et_fault_prob,0.9500000000000001,601
173,0,601,8,0.23145780051150894,1.0,0.013136288998357963,et_fault_prob,0.9542085523763705,604
173,0,603,6,0.2289002557544757,1.0,0.009852216748768473,et_fault_prob,0.9550000000000001,606
173,0,606,3,0.22506393861892582,1.0,0.0049261083743842365,et_fault_prob,0.96,609
173,0,607,2,0.2237851662404092,1.0,0.003284072249589491,et_fault_prob,0.965,610
173,0,608,1,0.22250639386189258,1.0,0.0016420361247947454,et_fault_prob,0.97,611
173,0,609,0,0.22122762148337596,1.0,0.0,et_fault_prob,0.97180707034128,612
173,0,609,0,0.22122762148337596,1.0,0.0,et_fault_prob,0.975,612
173,0,609,0,0.22122762148337596,1.0,0.0,et_fault_prob,0.98,612
173,0,609,0,0.22122762148337596,1.0,0.0,et_fault_prob,0.985,612
173,0,609,0,0.22122762148337596,1.0,0.0,et_fault_prob,0.99,612
173,0,609,0,0.22122762148337596,1.0,0.0,et_fault_prob,0.995,612
173,0,609,0,0.22122762148337596,1.0,0.0,et_fault_prob,1.0,612
149,24,21,588,0.9424552429667519,0.861271676300578,0.9655172413793104,base_alarm_score,0.0,0
149,24,21,588,0.9424552429667519,0.861271676300578,0.9655172413793104,base_alarm_score,0.005,0
149,24,21,588,0.9424552429667519,0.861271676300578,0.9655172413793104,base_alarm_score,0.01,0
149,24,21,588,0.9424552429667519,0.861271676300578,0.9655172413793104,base_alarm_score,0.015,0
149,24,21,588,0.9424552429667519,0.861271676300578,0.9655172413793104,base_alarm_score,0.02,0
149,24,21,588,0.9424552429667519,0.861271676300578,0.9655172413793104,base_alarm_score,0.025,0
149,24,21,588,0.9424552429667519,0.861271676300578,0.9655172413793104,base_alarm_score,0.03,0
149,24,21,588,0.9424552429667519,0.861271676300578,0.9655172413793104,base_alarm_score,0.035,0
149,24,21,588,0.9424552429667519,0.861271676300578,0.9655172413793104,base_alarm_score,0.04,0
149,24,21,588,0.9424552429667519,0.861271676300578,0.9655172413793104,base_alarm_score,0.045,0
149,24,21,588,0.9424552429667519,0.861271676300578,0.9655172413793104,base_alarm_score,0.05,0
149,24,21,588,0.9424552429667519,0.861271676300578,0.9655172413793104,base_alarm_score,0.055,0
149,24,21,588,0.9424552429667519,0.861271676300578,0.9655172413793104,base_alarm_score,0.06,0
149,24,21,588,0.9424552429667519,0.861271676300578,0.9655172413793104,base_alarm_score,0.065,0
149,24,21,588,0.9424552429667519,0.861271676300578,0.9655172413793104,base_alarm_score,0.07,0
149,24,21,588,0.9424552429667519,0.861271676300578,0.9655172413793104,base_alarm_score,0.075,0
149,24,21,588,0.9424552429667519,0.861271676300578,0.9655172413793104,base_alarm_score,0.08,0
149,24,21,588,0.9424552429667519,0.861271676300578,0.9655172413793104,base_alarm_score,0.085,0
149,24,21,588,0.9424552429667519,0.861271676300578,0.9655172413793104,base_alarm_score,0.09,0
149,24,21,588,0.9424552429667519,0.861271676300578,0.9655172413793104,base_alarm_score,0.095,0
149,24,21,588,0.9424552429667519,0.861271676300578,0.9655172413793104,base_alarm_score,0.1,0
149,24,21,588,0.9424552429667519,0.861271676300578,0.9655172413793104,base_alarm_score,0.105,0
149,24,21,588,0.9424552429667519,0.861271676300578,0.9655172413793104,base_alarm_score,0.11,0
149,24,21,588,0.9424552429667519,0.861271676300578,0.9655172413793104,base_alarm_score,0.115,0
149,24,21,588,0.9424552429667519,0.861271676300578,0.9655172413793104,base_alarm_score,0.12,0
149,24,21,588,0.9424552429667519,0.861271676300578,0.9655172413793104,base_alarm_score,0.125,0
149,24,21,588,0.9424552429667519,0.861271676300578,0.9655172413793104,base_alarm_score,0.13,0
149,24,21,588,0.9424552429667519,0.861271676300578,0.9655172413793104,base_alarm_score,0.135,0
149,24,21,588,0.9424552429667519,0.861271676300578,0.9655172413793104,base_alarm_score,0.14,0
149,24,21,588,0.9424552429667519,0.861271676300578,0.9655172413793104,base_alarm_score,0.145,0
149,24,21,588,0.9424552429667519,0.861271676300578,0.9655172413793104,base_alarm_score,0.15,0
149,24,21,588,0.9424552429667519,0.861271676300578,0.9655172413793104,base_alarm_score,0.155,0
149,24,21,588,0.9424552429667519,0.861271676300578,0.9655172413793104,base_alarm_score,0.16,0
149,24,21,588,0.9424552429667519,0.861271676300578,0.9655172413793104,base_alarm_score,0.165,0
149,24,21,588,0.9424552429667519,0.861271676300578,0.9655172413793104,base_alarm_score,0.17,0
149,24,21,588,0.9424552429667519,0.861271676300578,0.9655172413793104,base_alarm_score,0.17500000000000002,0
149,24,21,588,0.9424552429667519,0.861271676300578,0.9655172413793104,base_alarm_score,0.18,0
149,24,21,588,0.9424552429667519,0.861271676300578,0.9655172413793104,base_alarm_score,0.185,0
149,24,21,588,0.9424552429667519,0.861271676300578,0.9655172413793104,base_alarm_score,0.19,0
149,24,21,588,0.9424552429667519,0.861271676300578,0.9655172413793104,base_alarm_score,0.195,0
149,24,21,588,0.9424552429667519,0.861271676300578,0.9655172413793104,base_alarm_score,0.2,0
149,24,21,588,0.9424552429667519,0.861271676300578,0.9655172413793104,base_alarm_score,0.20500000000000002,0
149,24,21,588,0.9424552429667519,0.861271676300578,0.9655172413793104,base_alarm_score,0.21,0
149,24,21,588,0.9424552429667519,0.861271676300578,0.9655172413793104,base_alarm_score,0.215,0
149,24,21,588,0.9424552429667519,0.861271676300578,0.9655172413793104,base_alarm_score,0.22,0
149,24,21,588,0.9424552429667519,0.861271676300578,0.9655172413793104,base_alarm_score,0.225,0
149,24,21,588,0.9424552429667519,0.861271676300578,0.9655172413793104,base_alarm_score,0.23,0
149,24,21,588,0.9424552429667519,0.861271676300578,0.9655172413793104,base_alarm_score,0.23500000000000001,0
149,24,21,588,0.9424552429667519,0.861271676300578,0.9655172413793104,base_alarm_score,0.24,0
149,24,21,588,0.9424552429667519,0.861271676300578,0.9655172413793104,base_alarm_score,0.245,0
149,24,21,588,0.9424552429667519,0.861271676300578,0.9655172413793104,base_alarm_score,0.25,0
149,24,21,588,0.9424552429667519,0.861271676300578,0.9655172413793104,base_alarm_score,0.255,0
149,24,21,588,0.9424552429667519,0.861271676300578,0.9655172413793104,base_alarm_score,0.26,0
149,24,21,588,0.9424552429667519,0.861271676300578,0.9655172413793104,base_alarm_score,0.265,0
149,24,21,588,0.9424552429667519,0.861271676300578,0.9655172413793104,base_alarm_score,0.27,0
149,24,21,588,0.9424552429667519,0.861271676300578,0.9655172413793104,base_alarm_score,0.275,0
149,24,21,588,0.9424552429667519,0.861271676300578,0.9655172413793104,base_alarm_score,0.28,0
149,24,21,588,0.9424552429667519,0.861271676300578,0.9655172413793104,base_alarm_score,0.28500000000000003,0
149,24,21,588,0.9424552429667519,0.861271676300578,0.9655172413793104,base_alarm_score,0.29,0
149,24,21,588,0.9424552429667519,0.861271676300578,0.9655172413793104,base_alarm_score,0.295,0
149,24,21,588,0.9424552429667519,0.861271676300578,0.9655172413793104,base_alarm_score,0.3,0
149,24,21,588,0.9424552429667519,0.861271676300578,0.9655172413793104,base_alarm_score,0.305,0
149,24,21,588,0.9424552429667519,0.861271676300578,0.9655172413793104,base_alarm_score,0.31,0
149,24,21,588,0.9424552429667519,0.861271676300578,0.9655172413793104,base_alarm_score,0.315,0
149,24,21,588,0.9424552429667519,0.861271676300578,0.9655172413793104,base_alarm_score,0.32,0
149,24,21,588,0.9424552429667519,0.861271676300578,0.9655172413793104,base_alarm_score,0.325,0
149,24,21,588,0.9424552429667519,0.861271676300578,0.9655172413793104,base_alarm_score,0.33,0
149,24,21,588,0.9424552429667519,0.861271676300578,0.9655172413793104,base_alarm_score,0.335,0
149,24,21,588,0.9424552429667519,0.861271676300578,0.9655172413793104,base_alarm_score,0.34,0
149,24,21,588,0.9424552429667519,0.861271676300578,0.9655172413793104,base_alarm_score,0.34500000000000003,0
149,24,21,588,0.9424552429667519,0.861271676300578,0.9655172413793104,base_alarm_score,0.35000000000000003,0
149,24,21,588,0.9424552429667519,0.861271676300578,0.9655172413793104,base_alarm_score,0.355,0
149,24,21,588,0.9424552429667519,0.861271676300578,0.9655172413793104,base_alarm_score,0.36,0
149,24,21,588,0.9424552429667519,0.861271676300578,0.9655172413793104,base_alarm_score,0.365,0
149,24,21,588,0.9424552429667519,0.861271676300578,0.9655172413793104,base_alarm_score,0.37,0
149,24,21,588,0.9424552429667519,0.861271676300578,0.9655172413793104,base_alarm_score,0.375,0
149,24,21,588,0.9424552429667519,0.861271676300578,0.9655172413793104,base_alarm_score,0.38,0
149,24,21,588,0.9424552429667519,0.861271676300578,0.9655172413793104,base_alarm_score,0.385,0
149,24,21,588,0.9424552429667519,0.861271676300578,0.9655172413793104,base_alarm_score,0.39,0
149,24,21,588,0.9424552429667519,0.861271676300578,0.9655172413793104,base_alarm_score,0.395,0
149,24,21,588,0.9424552429667519,0.861271676300578,0.9655172413793104,base_alarm_score,0.4,0
149,24,21,588,0.9424552429667519,0.861271676300578,0.9655172413793104,base_alarm_score,0.405,0
149,24,21,588,0.9424552429667519,0.861271676300578,0.9655172413793104,base_alarm_score,0.41000000000000003,0
149,24,21,588,0.9424552429667519,0.861271676300578,0.9655172413793104,base_alarm_score,0.41500000000000004,0
149,24,21,588,0.9424552429667519,0.861271676300578,0.9655172413793104,base_alarm_score,0.42,0
149,24,21,588,0.9424552429667519,0.861271676300578,0.9655172413793104,base_alarm_score,0.425,0
149,24,21,588,0.9424552429667519,0.861271676300578,0.9655172413793104,base_alarm_score,0.43,0
149,24,21,588,0.9424552429667519,0.861271676300578,0.9655172413793104,base_alarm_score,0.435,0
149,24,21,588,0.9424552429667519,0.861271676300578,0.9655172413793104,base_alarm_score,0.44,0
149,24,21,588,0.9424552429667519,0.861271676300578,0.9655172413793104,base_alarm_score,0.445,0
149,24,21,588,0.9424552429667519,0.861271676300578,0.9655172413793104,base_alarm_score,0.45,0
149,24,21,588,0.9424552429667519,0.861271676300578,0.9655172413793104,base_alarm_score,0.455,0
149,24,21,588,0.9424552429667519,0.861271676300578,0.9655172413793104,base_alarm_score,0.46,0
149,24,21,588,0.9424552429667519,0.861271676300578,0.9655172413793104,base_alarm_score,0.465,0
149,24,21,588,0.9424552429667519,0.861271676300578,0.9655172413793104,base_alarm_score,0.47000000000000003,0
149,24,21,588,0.9424552429667519,0.861271676300578,0.9655172413793104,base_alarm_score,0.47500000000000003,0
149,24,21,588,0.9424552429667519,0.861271676300578,0.9655172413793104,base_alarm_score,0.48,0
149,24,21,588,0.9424552429667519,0.861271676300578,0.9655172413793104,base_alarm_score,0.485,0
149,24,21,588,0.9424552429667519,0.861271676300578,0.9655172413793104,base_alarm_score,0.49,0
149,24,21,588,0.9424552429667519,0.861271676300578,0.9655172413793104,base_alarm_score,0.495,0
149,24,21,588,0.9424552429667519,0.861271676300578,0.9655172413793104,base_alarm_score,0.5,0
149,24,21,588,0.9424552429667519,0.861271676300578,0.9655172413793104,base_alarm_score,0.505,0
149,24,21,588,0.9424552429667519,0.861271676300578,0.9655172413793104,base_alarm_score,0.51,0
149,24,21,588,0.9424552429667519,0.861271676300578,0.9655172413793104,base_alarm_score,0.515,0
149,24,21,588,0.9424552429667519,0.861271676300578,0.9655172413793104,base_alarm_score,0.52,0
149,24,21,588,0.9424552429667519,0.861271676300578,0.9655172413793104,base_alarm_score,0.525,0
149,24,21,588,0.9424552429667519,0.861271676300578,0.9655172413793104,base_alarm_score,0.53,0
149,24,21,588,0.9424552429667519,0.861271676300578,0.9655172413793104,base_alarm_score,0.535,0
149,24,21,588,0.9424552429667519,0.861271676300578,0.9655172413793104,base_alarm_score,0.54,0
149,24,21,588,0.9424552429667519,0.861271676300578,0.9655172413793104,base_alarm_score,0.545,0
149,24,21,588,0.9424552429667519,0.861271676300578,0.9655172413793104,base_alarm_score,0.55,0
149,24,22,587,0.9411764705882353,0.861271676300578,0.9638752052545156,base_alarm_score,0.5511328357200267,1
150,23,24,585,0.9398976982097187,0.8670520231213873,0.9605911330049262,base_alarm_score,0.555,4
151,22,25,584,0.9398976982097187,0.8728323699421965,0.9589490968801314,base_alarm_score,0.56,6
152,21,25,584,0.9411764705882353,0.8786127167630058,0.9589490968801314,base_alarm_score,0.5610867866543614,7
152,21,25,584,0.9411764705882353,0.8786127167630058,0.9589490968801314,base_alarm_score,0.5650000000000001,7
152,21,28,581,0.9373401534526854,0.8786127167630058,0.9540229885057471,base_alarm_score,0.5700000000000001,10
152,21,30,579,0.9347826086956522,0.8786127167630058,0.9507389162561576,base_alarm_score,0.5750000000000001,12
152,21,31,578,0.9335038363171355,0.8786127167630058,0.9490968801313628,base_alarm_score,0.5761115190228285,13
153,20,36,573,0.928388746803069,0.884393063583815,0.9408866995073891,base_alarm_score,0.5798681845847269,19
153,20,36,573,0.928388746803069,0.884393063583815,0.9408866995073891,base_alarm_score,0.58,19
154,19,37,572,0.928388746803069,0.8901734104046243,0.9392446633825944,base_alarm_score,0.585,21
154,19,41,568,0.9232736572890026,0.8901734104046243,0.9326765188834154,base_alarm_score,0.59,25
154,19,41,568,0.9232736572890026,0.8901734104046243,0.9326765188834154,base_alarm_score,0.5900520896603941,25
154,19,45,564,0.9181585677749361,0.8901734104046243,0.9261083743842364,base_alarm_score,0.595,29
155,18,46,563,0.9181585677749361,0.8959537572254336,0.9244663382594417,base_alarm_score,0.6,31
155,18,46,563,0.9181585677749361,0.8959537572254336,0.9244663382594417,base_alarm_score,0.600552957659004,31
156,17,51,558,0.9130434782608695,0.9017341040462428,0.916256157635468,base_alarm_score,0.605,37
156,17,51,558,0.9130434782608695,0.9017341040462428,0.916256157635468,base_alarm_score,0.6064142136125945,37
157,16,52,557,0.9130434782608695,0.9075144508670521,0.9146141215106732,base_alarm_score,0.61,39
157,16,54,555,0.9104859335038363,0.9075144508670521,0.9113300492610837,base_alarm_score,0.615,41
157,16,56,553,0.907928388746803,0.9075144508670521,0.9080459770114943,base_alarm_score,0.6175616250617517,43
157,16,58,551,0.9053708439897699,0.9075144508670521,0.9047619047619048,base_alarm_score,0.62,45
157,16,58,551,0.9053708439897699,0.9075144508670521,0.9047619047619048,base_alarm_score,0.625,45
157,16,62,547,0.9002557544757033,0.9075144508670521,0.8981937602627258,base_alarm_score,0.63,49
157,16,62,547,0.9002557544757033,0.9075144508670521,0.8981937602627258,base_alarm_score,0.632468436567096,49
157,16,65,544,0.8964194373401535,0.9075144508670521,0.8932676518883416,base_alarm_score,0.635,52
157,16,66,543,0.8951406649616368,0.9075144508670521,0.8916256157635468,base_alarm_score,0.64,53
158,15,67,542,0.8951406649616368,0.9132947976878613,0.8899835796387521,base_alarm_score,0.6424774729703533,55
158,15,70,539,0.8913043478260869,0.9132947976878613,0.8850574712643678,base_alarm_score,0.645,58
158,15,70,539,0.8913043478260869,0.9132947976878613,0.8850574712643678,base_alarm_score,0.65,58
158,15,74,535,0.8861892583120204,0.9132947976878613,0.8784893267651889,base_alarm_score,0.6538280735779219,62
158,15,74,535,0.8861892583120204,0.9132947976878613,0.8784893267651889,base_alarm_score,0.655,62
158,15,77,532,0.8823529411764706,0.9132947976878613,0.8735632183908046,base_alarm_score,0.66,65
158,15,80,529,0.8785166240409207,0.9132947976878613,0.8686371100164204,base_alarm_score,0.6626263986723078,68
158,15,81,528,0.8772378516624041,0.9132947976878613,0.8669950738916257,base_alarm_score,0.665,69
158,15,84,525,0.8734015345268542,0.9132947976878613,0.8620689655172413,base_alarm_score,0.67,72
158,15,86,523,0.870843989769821,0.9132947976878613,0.8587848932676518,base_alarm_score,0.6727399298145839,74
159,14,88,521,0.8695652173913043,0.9190751445086706,0.8555008210180624,base_alarm_score,0.675,77
159,14,91,518,0.8657289002557544,0.9190751445086706,0.8505747126436781,base_alarm_score,0.6786207736127869,80
159,14,91,518,0.8657289002557544,0.9190751445086706,0.8505747126436781,base_alarm_score,0.68,80
159,14,95,514,0.860613810741688,0.9190751445086706,0.8440065681444991,base_alarm_score,0.685,84
159,14,97,512,0.8580562659846548,0.9190751445086706,0.8407224958949097,base_alarm_score,0.6878213301830802,86
160,13,98,511,0.8580562659846548,0.9248554913294798,0.8390804597701149,base_alarm_score,0.6900000000000001,88
160,13,101,508,0.8542199488491049,0.9248554913294798,0.8341543513957307,base_alarm_score,0.6950000000000001,91
160,13,102,507,0.8529411764705882,0.9248554913294798,0.8325123152709359,base_alarm_score,0.6979685695173024,92
160,13,105,504,0.8491048593350383,0.9248554913294798,0.8275862068965517,base_alarm_score,0.7000000000000001,95
161,12,107,502,0.8478260869565217,0.930635838150289,0.8243021346469622,base_alarm_score,0.7012596417966276,98
161,12,111,498,0.8427109974424553,0.930635838150289,0.8177339901477833,base_alarm_score,0.705,102
161,12,113,496,0.840153452685422,0.930635838150289,0.8144499178981938,base_alarm_score,0.7083924269405183,104
161,12,115,494,0.8375959079283888,0.930635838150289,0.8111658456486043,base_alarm_score,0.71,106
161,12,119,490,0.8324808184143222,0.930635838150289,0.8045977011494253,base_alarm_score,0.7146274900194515,110
161,12,120,489,0.8312020460358056,0.930635838150289,0.8029556650246306,base_alarm_score,0.715,111
161,12,126,483,0.8235294117647058,0.930635838150289,0.7931034482758621,base_alarm_score,0.7194032015346762,117
161,12,127,482,0.8222506393861893,0.930635838150289,0.7914614121510674,base_alarm_score,0.72,118
162,11,128,481,0.8222506393861893,0.9364161849710982,0.7898193760262726,base_alarm_score,0.725,120
162,11,131,478,0.8184143222506394,0.9364161849710982,0.7848932676518884,base_alarm_score,0.7286609207626317,123
162,11,131,478,0.8184143222506394,0.9364161849710982,0.7848932676518884,base_alarm_score,0.73,123
162,11,133,476,0.8158567774936062,0.9364161849710982,0.7816091954022989,base_alarm_score,0.735,125
162,11,137,472,0.8107416879795396,0.9364161849710982,0.7750410509031199,base_alarm_score,0.7387573570712184,129
162,11,138,471,0.809462915601023,0.9364161849710982,0.7733990147783252,base_alarm_score,0.74,130
162,11,140,469,0.8069053708439897,0.9364161849710982,0.7701149425287356,base_alarm_score,0.745,132
162,11,143,466,0.80306905370844,0.9364161849710982,0.7651888341543513,base_alarm_score,0.7497389734084238,135
162,11,143,466,0.80306905370844,0.9364161849710982,0.7651888341543513,base_alarm_score,0.75,135
162,11,146,463,0.7992327365728901,0.9364161849710982,0.7602627257799671,base_alarm_score,0.755,138
162,11,149,460,0.7953964194373402,0.9364161849710982,0.7553366174055829,base_alarm_score,0.7569332542174559,141
163,10,153,456,0.7915601023017903,0.9421965317919075,0.7487684729064039,base_alarm_score,0.76,146
163,10,154,455,0.7902813299232737,0.9421965317919075,0.7471264367816092,base_alarm_score,0.7608954742821207,147
163,10,159,450,0.7838874680306905,0.9421965317919075,0.7389162561576355,base_alarm_score,0.765,152
163,10,160,449,0.782608695652174,0.9421965317919075,0.7372742200328407,base_alarm_score,0.7681813285516668,153
163,10,163,446,0.7787723785166241,0.9421965317919075,0.7323481116584565,base_alarm_score,0.77,156
164,9,165,444,0.7774936061381074,0.9479768786127167,0.729064039408867,base_alarm_score,0.772569033357657,159
165,8,166,443,0.7774936061381074,0.953757225433526,0.7274220032840722,base_alarm_score,0.775,161
166,7,169,440,0.7749360613810742,0.9595375722543352,0.722495894909688,base_alarm_score,0.7784447580202611,165
167,6,173,436,0.7710997442455243,0.9653179190751445,0.715927750410509,base_alarm_score,0.78,170
167,6,175,434,0.768542199488491,0.9653179190751445,0.7126436781609196,base_alarm_score,0.7811665745124465,172
167,6,176,433,0.7672634271099744,0.9653179190751445,0.7110016420361248,base_alarm_score,0.785,173
167,6,181,428,0.7608695652173914,0.9653179190751445,0.7027914614121511,base_alarm_score,0.7886323355943018,178
167,6,182,427,0.7595907928388747,0.9653179190751445,0.7011494252873564,base_alarm_score,0.79,179
167,6,184,425,0.7570332480818415,0.9653179190751445,0.6978653530377669,base_alarm_score,0.795,181
167,6,187,422,0.7531969309462916,0.9653179190751445,0.6929392446633826,base_alarm_score,0.7984348489450083,184
167,6,187,422,0.7531969309462916,0.9653179190751445,0.6929392446633826,base_alarm_score,0.8,184
167,6,190,419,0.7493606138107417,0.9653179190751445,0.6880131362889984,base_alarm_score,0.805,187
167,6,193,416,0.7455242966751918,0.9653179190751445,0.6830870279146142,base_alarm_score,0.8093656834229782,190
167,6,193,416,0.7455242966751918,0.9653179190751445,0.6830870279146142,base_alarm_score,0.81,190
168,5,197,412,0.7416879795396419,0.9710982658959537,0.6765188834154351,base_alarm_score,0.8150000000000001,195
168,5,198,411,0.7404092071611253,0.9710982658959537,0.6748768472906403,base_alarm_score,0.8177479090050817,196
168,5,201,408,0.7365728900255755,0.9710982658959537,0.6699507389162561,base_alarm_score,0.8200000000000001,199
168,5,204,405,0.7327365728900256,0.9710982658959537,0.6650246305418719,base_alarm_score,0.8221090162427924,202
168,5,207,402,0.7289002557544757,0.9710982658959537,0.6600985221674877,base_alarm_score,0.8250000000000001,205
168,5,210,399,0.7250639386189258,0.9710982658959537,0.6551724137931034,base_alarm_score,0.8300000000000001,208
168,5,210,399,0.7250639386189258,0.9710982658959537,0.6551724137931034,base_alarm_score,0.8320072394522467,208
168,5,216,393,0.717391304347826,0.9710982658959537,0.645320197044335,base_alarm_score,0.835,214
168,5,216,393,0.717391304347826,0.9710982658959537,0.645320197044335,base_alarm_score,0.8353140386286111,214
168,5,220,389,0.7122762148337596,0.9710982658959537,0.638752052545156,base_alarm_score,0.84,218
168,5,222,387,0.7097186700767263,0.9710982658959537,0.6354679802955665,base_alarm_score,0.8417205507145076,220
169,4,225,384,0.7071611253196931,0.976878612716763,0.6305418719211823,base_alarm_score,0.845,224
169,4,227,382,0.7046035805626598,0.976878612716763,0.6272577996715928,base_alarm_score,0.85,226
169,4,228,381,0.7033248081841432,0.976878612716763,0.625615763546798,base_alarm_score,0.8507106031084181,227
170,3,230,379,0.7020460358056266,0.9826589595375722,0.6223316912972086,base_alarm_score,0.855,230
170,3,233,376,0.6982097186700768,0.9826589595375722,0.6174055829228243,base_alarm_score,0.8580988058946493,233
170,3,234,375,0.69693094629156,0.9826589595375722,0.6157635467980296,base_alarm_score,0.86,234
170,3,237,372,0.6930946291560103,0.9826589595375722,0.6108374384236454,base_alarm_score,0.865,237
170,3,239,370,0.690537084398977,0.9826589595375722,0.6075533661740559,base_alarm_score,0.8660853802246029,239
170,3,241,368,0.6879795396419437,0.9826589595375722,0.6042692939244664,base_alarm_score,0.87,241
170,3,245,364,0.6828644501278772,0.9826589595375722,0.5977011494252874,base_alarm_score,0.8741649074195282,245
170,3,245,364,0.6828644501278772,0.9826589595375722,0.5977011494252874,base_alarm_score,0.875,245
171,2,249,360,0.6790281329923273,0.9884393063583815,0.5911330049261084,base_alarm_score,0.88,250
171,2,250,359,0.6777493606138107,0.9884393063583815,0.5894909688013136,base_alarm_score,0.8803147294898496,251
171,2,256,353,0.670076726342711,0.9884393063583815,0.5796387520525451,base_alarm_score,0.8837491493893463,257
171,2,258,351,0.6675191815856778,0.9884393063583815,0.5763546798029556,base_alarm_score,0.885,259
171,2,261,348,0.6636828644501279,0.9884393063583815,0.5714285714285714,base_alarm_score,0.89,262
171,2,262,347,0.6624040920716112,0.9884393063583815,0.5697865353037767,base_alarm_score,0.8917586093273425,263
171,2,266,343,0.6572890025575447,0.9884393063583815,0.5632183908045977,base_alarm_score,0.895,267
171,2,268,341,0.6547314578005116,0.9884393063583815,0.5599343185550082,base_alarm_score,0.8980560916124142,269
171,2,272,337,0.649616368286445,0.9884393063583815,0.5533661740558292,base_alarm_score,0.9,273
171,2,274,335,0.6470588235294118,0.9884393063583815,0.5500821018062397,base_alarm_score,0.9011520343761111,275
172,1,280,329,0.6406649616368286,0.9942196531791907,0.5402298850574713,base_alarm_score,0.9034926837994524,282
172,1,280,329,0.6406649616368286,0.9942196531791907,0.5402298850574713,base_alarm_score,0.905,282
172,1,286,323,0.6329923273657289,0.9942196531791907,0.5303776683087028,base_alarm_score,0.9088724779297345,288
172,1,287,322,0.6317135549872123,0.9942196531791907,0.5287356321839081,base_alarm_score,0.91,289
172,1,292,317,0.6253196930946292,0.9942196531791907,0.5205254515599343,base_alarm_score,0.9118923517818242,294
172,1,296,313,0.6202046035805626,0.9942196531791907,0.5139573070607554,base_alarm_score,0.915,298
172,1,298,311,0.6176470588235294,0.9942196531791907,0.5106732348111659,base_alarm_score,0.9152771890759485,300
172,1,301,308,0.6138107416879796,0.9942196531791907,0.5057471264367817,base_alarm_score,0.92,303
172,1,304,305,0.6099744245524297,0.9942196531791907,0.5008210180623974,base_alarm_score,0.9215443238272447,306
172,1,309,300,0.6035805626598465,0.9942196531791907,0.49261083743842365,base_alarm_score,0.925,311
172,1,310,299,0.6023017902813299,0.9942196531791907,0.4909688013136289,base_alarm_score,0.9259940824092058,312
172,1,316,293,0.5946291560102301,0.9942196531791907,0.48111658456486045,base_alarm_score,0.9283054195671552,318
172,1,319,290,0.5907928388746803,0.9942196531791907,0.47619047619047616,base_alarm_score,0.93,321
172,1,322,287,0.5869565217391305,0.9942196531791907,0.47126436781609193,base_alarm_score,0.9325113236885587,324
172,1,326,283,0.5818414322250639,0.9942196531791907,0.46469622331691296,base_alarm_score,0.935,328
173,0,327,282,0.5818414322250639,1.0,0.4630541871921182,base_alarm_score,0.9375131635976686,330
173,0,332,277,0.5754475703324808,1.0,0.4548440065681445,base_alarm_score,0.9400000000000001,335
173,0,334,275,0.5728900255754475,1.0,0.451559934318555,base_alarm_score,0.9424197957027064,337
173,0,335,274,0.571611253196931,1.0,0.44991789819376027,base_alarm_score,0.9450000000000001,338
173,0,337,272,0.5690537084398977,1.0,0.4466338259441708,base_alarm_score,0.9500000000000001,340
173,0,340,269,0.5652173913043478,1.0,0.44170771756978655,base_alarm_score,0.9525157733194459,343
173,0,345,264,0.5588235294117647,1.0,0.43349753694581283,base_alarm_score,0.9550000000000001,348
173,0,346,263,0.5575447570332481,1.0,0.4318555008210181,base_alarm_score,0.9559568925312781,349
173,0,348,261,0.5549872122762148,1.0,0.42857142857142855,base_alarm_score,0.96,351
173,0,352,257,0.5498721227621484,1.0,0.4220032840722496,base_alarm_score,0.965,355
173,0,352,257,0.5498721227621484,1.0,0.4220032840722496,base_alarm_score,0.965189095389788,355
173,0,357,252,0.5434782608695652,1.0,0.41379310344827586,base_alarm_score,0.97,360
173,0,358,251,0.5421994884910486,1.0,0.4121510673234811,base_alarm_score,0.9730851239035873,361
173,0,361,248,0.5383631713554987,1.0,0.4072249589490969,base_alarm_score,0.975,364
173,0,364,245,0.5345268542199488,1.0,0.40229885057471265,base_alarm_score,0.9763792074801921,367
173,0,370,239,0.5268542199488491,1.0,0.3924466338259442,base_alarm_score,0.9787795150297399,373
173,0,373,236,0.5230179028132992,1.0,0.38752052545155996,base_alarm_score,0.98,376
173,0,376,233,0.5191815856777494,1.0,0.3825944170771757,base_alarm_score,0.9812596030786234,379
173,0,383,226,0.510230179028133,1.0,0.37110016420361247,base_alarm_score,0.9831931760374718,386
173,0,384,225,0.5089514066496164,1.0,0.3694581280788177,base_alarm_score,0.985,387
173,0,389,220,0.5025575447570333,1.0,0.361247947454844,base_alarm_score,0.9864402682756072,392
173,0,395,214,0.4948849104859335,1.0,0.35139573070607555,base_alarm_score,0.9890115919009633,398
173,0,397,212,0.49232736572890023,1.0,0.34811165845648606,base_alarm_score,0.99,400
173,0,401,208,0.48721227621483376,1.0,0.3415435139573071,base_alarm_score,0.9907629911398487,404
173,0,407,202,0.479539641943734,1.0,0.33169129720853857,base_alarm_score,0.9920763016426082,410
173,0,414,195,0.47058823529411764,1.0,0.32019704433497537,base_alarm_score,0.9932150846972838,417
173,0,419,190,0.4641943734015345,1.0,0.31198686371100165,base_alarm_score,0.9940108235651239,422
173,0,425,184,0.45652173913043476,1.0,0.3021346469622332,base_alarm_score,0.995,428
173,0,425,184,0.45652173913043476,1.0,0.3021346469622332,base_alarm_score,0.9951551600128284,428
173,0,431,178,0.44884910485933505,1.0,0.2922824302134647,base_alarm_score,0.9962463020086024,434
173,0,437,172,0.4411764705882353,1.0,0.2824302134646962,base_alarm_score,0.9969847256301985,440
173,0,446,163,0.4296675191815857,1.0,0.2676518883415435,base_alarm_score,0.9975297892983652,449
173,0,450,159,0.42455242966751916,1.0,0.26108374384236455,base_alarm_score,0.9976946184100258,453
173,0,460,149,0.4117647058823529,1.0,0.24466338259441708,base_alarm_score,0.9981792452830188,463
173,0,464,145,0.40664961636828645,1.0,0.23809523809523808,base_alarm_score,0.9984047411918224,467
173,0,468,141,0.40153452685422,1.0,0.2315270935960591,base_alarm_score,0.9985770830514379,471
173,0,476,133,0.391304347826087,1.0,0.21839080459770116,base_alarm_score,0.998582907231556,479
173,0,480,129,0.38618925831202044,1.0,0.21182266009852216,base_alarm_score,0.9986647170037529,483
173,0,488,121,0.37595907928388744,1.0,0.1986863711001642,base_alarm_score,0.9986846543001688,491
173,0,495,114,0.3670076726342711,1.0,0.18719211822660098,base_alarm_score,0.9988695652173912,498
173,0,499,110,0.3618925831202046,1.0,0.180623973727422,base_alarm_score,0.9989549679410674,502
173,0,505,104,0.35421994884910485,1.0,0.17077175697865354,base_alarm_score,0.9990403476028364,508
173,0,511,98,0.34654731457800514,1.0,0.16091954022988506,base_alarm_score,0.9991585848893042,514
173,0,517,92,0.3388746803069054,1.0,0.1510673234811166,base_alarm_score,0.9991886107730168,520
173,0,526,83,0.3273657289002558,1.0,0.13628899835796388,base_alarm_score,0.9992776946107784,529
173,0,532,77,0.319693094629156,1.0,0.12643678160919541,base_alarm_score,0.9993056549749464,535
173,0,535,74,0.31585677749360613,1.0,0.12151067323481117,base_alarm_score,0.9993958862467595,538
173,0,543,66,0.30562659846547313,1.0,0.10837438423645321,base_alarm_score,0.9994654788418708,546
173,0,547,62,0.30051150895140666,1.0,0.10180623973727422,base_alarm_score,0.9995274412079143,550
173,0,554,55,0.2915601023017903,1.0,0.090311986863711,base_alarm_score,0.9995664692150014,557
173,0,563,46,0.28005115089514065,1.0,0.0755336617405583,base_alarm_score,0.999769469660774,566
173,0,609,0,0.22122762148337596,1.0,0.0,base_alarm_score,1.0,612
